case_id,tumor_present,mpd_status,cbd_status,mpd_detected,cbd_detected,any_detected,double_duct,coupling_dist_mm
PanTS_00000003,1,ok,ok,False,False,False,False,
PanTS_00000012,0,no_mask,ok,False,False,False,False,
PanTS_00000020,0,too_small,no_mask,False,False,False,False,
PanTS_00000026,1,orient_ambiguous,orient_ambiguous,False,False,False,False,
PanTS_00000029,1,orient_ambiguous,ok,False,False,False,False,
PanTS_00000031,1,too_small,ok,False,False,False,False,
PanTS_00000035,1,ok,ok,False,False,False,False,
PanTS_00000036,1,no_mask,ok,False,False,False,False,
PanTS_00000040,1,no_regions,no_mask,False,False,False,False,
PanTS_00000042,1,ok,ok,False,True,True,False,
PanTS_00000047,1,no_mask,no_mask,False,False,False,False,
PanTS_00000049,1,too_small,ok,False,False,False,False,
PanTS_00000050,1,orient_ambiguous,ok,False,False,False,False,
PanTS_00000056,0,no_mask,ok,False,False,False,False,
PanTS_00000074,1,too_small,ok,False,False,False,False,
PanTS_00000084,1,ok,ok,False,False,False,False,
PanTS_00000086,1,orient_ambiguous,orient_ambiguous,False,False,False,False,
PanTS_00000091,1,no_mask,orient_ambiguous,False,False,False,False,
PanTS_00000099,1,no_mask,too_small,False,False,False,False,
PanTS_00000100,1,too_small,no_regions,False,False,False,False,
PanTS_00000110,0,too_small,ok,False,False,False,False,
PanTS_00000113,1,no_mask,ok,False,False,False,False,
PanTS_00000117,1,ok,ok,False,False,False,False,
PanTS_00000128,1,orient_ambiguous,ok,False,False,False,False,
PanTS_00000162,1,loop_in_skeleton,ok,False,True,True,False,
PanTS_00000164,1,orient_ambiguous,orient_ambiguous,False,False,False,False,
PanTS_00000167,1,ok,ok,False,False,False,False,
PanTS_00000174,0,too_small,ok,False,False,False,False,
PanTS_00000180,1,orient_ambiguous,ok,False,False,False,False,
PanTS_00000187,0,orient_ambiguous,ok,False,False,False,False,
PanTS_00000199,1,ok,orient_ambiguous,False,False,False,False,
PanTS_00000220,1,no_mask,ok,False,False,False,False,
PanTS_00000231,1,ok,ok,False,False,False,False,
PanTS_00000237,0,too_small,ok,False,False,False,False,
PanTS_00000246,1,orient_ambiguous,ok,False,False,False,False,
PanTS_00000251,1,too_small,orient_ambiguous,False,False,False,False,
PanTS_00000252,1,orient_ambiguous,ok,False,False,False,False,
PanTS_00000259,1,orient_ambiguous,ok,False,False,False,False,
PanTS_00000263,0,orient_ambiguous,orient_ambiguous,False,False,False,False,
PanTS_00000270,1,no_mask,no_mask,False,False,False,False,
PanTS_00000290,1,no_mask,ok,False,False,False,False,
PanTS_00000308,0,no_mask,orient_ambiguous,False,False,False,False,
PanTS_00000314,0,ok,ok,False,False,False,False,
PanTS_00000350,0,ok,orient_ambiguous,False,False,False,False,
PanTS_00000352,1,ok,loop_in_skeleton,False,False,False,False,
PanTS_00000363,1,ok,ok,False,False,False,False,
PanTS_00000368,1,too_small,orient_ambiguous,False,False,False,False,
PanTS_00000371,1,orient_ambiguous,loop_in_skeleton,False,False,False,False,
PanTS_00000404,0,ok,ok,False,False,False,False,
PanTS_00000416,1,orient_ambiguous,ok,False,False,False,False,
PanTS_00000423,1,ok,ok,False,False,False,False,
PanTS_00000437,0,orient_ambiguous,ok,False,False,False,False,
PanTS_00000449,1,ok,ok,False,False,False,False,
PanTS_00000451,1,no_mask,ok,False,False,False,False,
PanTS_00000463,1,too_small,no_regions,False,False,False,False,
PanTS_00000464,0,orient_ambiguous,ok,False,False,False,False,
PanTS_00000465,1,ok,ok,False,False,False,False,
PanTS_00000469,0,too_small,orient_ambiguous,False,False,False,False,
PanTS_00000482,1,no_mask,orient_ambiguous,False,False,False,False,
PanTS_00000485,1,no_mask,loop_in_skeleton,False,False,False,False,
PanTS_00000488,1,orient_ambiguous,ok,False,False,False,False,
PanTS_00000554,1,ok,orient_ambiguous,False,False,False,False,
PanTS_00000557,1,orient_ambiguous,no_mask,False,False,False,False,
PanTS_00000564,1,orient_ambiguous,loop_in_skeleton,False,False,False,False,
PanTS_00000574,1,no_mask,no_mask,False,False,False,False,
PanTS_00000592,1,orient_ambiguous,ok,False,False,False,False,
PanTS_00000605,1,orient_ambiguous,ok,False,False,False,False,
PanTS_00000623,1,no_mask,orient_ambiguous,False,False,False,False,
PanTS_00000626,1,orient_ambiguous,ok,False,False,False,False,
PanTS_00000654,1,no_mask,orient_ambiguous,False,False,False,False,
PanTS_00000656,1,orient_ambiguous,ok,False,False,False,False,
PanTS_00000674,1,ok,ok,False,False,False,False,
PanTS_00000675,1,no_mask,ok,False,False,False,False,
PanTS_00000677,0,no_mask,orient_ambiguous,False,False,False,False,
PanTS_00000686,0,orient_ambiguous,ok,False,False,False,False,
PanTS_00000693,1,ok,ok,False,False,False,False,
PanTS_00000696,1,ok,ok,False,True,True,False,
PanTS_00000708,0,ok,ok,False,False,False,False,
PanTS_00000715,1,orient_ambiguous,orient_ambiguous,False,False,False,False,
PanTS_00000723,1,orient_ambiguous,loop_in_skeleton,False,False,False,False,
PanTS_00000727,1,orient_ambiguous,ok,False,False,False,False,
PanTS_00000730,1,orient_ambiguous,ok,False,False,False,False,
PanTS_00000750,1,ok,ok,False,False,False,False,
PanTS_00000761,1,ok,ok,False,False,False,False,
PanTS_00000766,1,orient_ambiguous,ok,False,False,False,False,
PanTS_00000771,1,ok,ok,False,False,False,False,
PanTS_00000778,0,too_small,ok,False,False,False,False,
PanTS_00000797,1,orient_ambiguous,ok,False,False,False,False,
PanTS_00000803,0,orient_ambiguous,orient_ambiguous,False,False,False,False,
PanTS_00000806,1,orient_ambiguous,orient_ambiguous,False,False,False,False,
PanTS_00000811,1,orient_ambiguous,ok,False,False,False,False,
PanTS_00000814,1,ok,orient_ambiguous,False,False,False,False,
PanTS_00000836,1,too_small,no_mask,False,False,False,False,
PanTS_00000839,1,too_small,ok,False,False,False,False,
PanTS_00000840,0,ok,ok,False,False,False,False,
PanTS_00000849,1,orient_ambiguous,ok,False,False,False,False,
PanTS_00000855,1,too_small,ok,False,False,False,False,
PanTS_00000860,1,ok,loop_in_skeleton,True,False,True,False,
PanTS_00000862,1,ok,ok,False,True,True,False,
PanTS_00000871,1,no_mask,orient_ambiguous,False,False,False,False,
PanTS_00000878,1,ok,ok,False,False,False,False,
PanTS_00000881,1,orient_ambiguous,ok,False,False,False,False,
PanTS_00000892,0,no_mask,no_mask,False,False,False,False,
PanTS_00000911,1,no_mask,ok,False,False,False,False,
PanTS_00000927,1,ok,orient_ambiguous,False,False,False,False,
PanTS_00000930,1,orient_ambiguous,orient_ambiguous,False,False,False,False,
PanTS_00000932,1,no_regions,no_regions,False,False,False,False,
PanTS_00000941,0,too_small,no_mask,False,False,False,False,
PanTS_00000945,1,ok,ok,True,True,True,True,18.6438480205123
PanTS_00000948,0,no_mask,ok,False,False,False,False,
PanTS_00000953,0,orient_ambiguous,ok,False,False,False,False,
PanTS_00000966,1,too_small,ok,False,False,False,False,
PanTS_00001012,1,ok,ok,False,False,False,False,
PanTS_00001016,1,ok,orient_ambiguous,False,False,False,False,
PanTS_00001017,0,too_small,ok,False,False,False,False,
PanTS_00001021,1,too_small,orient_ambiguous,False,False,False,False,
PanTS_00001022,0,ok,ok,False,False,False,False,
PanTS_00001030,1,too_small,ok,False,False,False,False,
PanTS_00001048,1,too_small,orient_ambiguous,False,False,False,False,
PanTS_00001053,1,orient_ambiguous,ok,False,False,False,False,
PanTS_00001055,1,ok,ok,False,False,False,False,
PanTS_00001070,1,ok,ok,False,False,False,False,
PanTS_00001077,1,ok,loop_in_skeleton,True,False,True,False,
PanTS_00001079,1,too_small,ok,False,False,False,False,
PanTS_00001081,1,orient_ambiguous,orient_ambiguous,False,False,False,False,
PanTS_00001082,1,ok,ok,False,False,False,False,
PanTS_00001085,1,ok,orient_ambiguous,False,False,False,False,
PanTS_00001086,1,ok,orient_ambiguous,False,False,False,False,
PanTS_00001090,0,no_mask,orient_ambiguous,False,False,False,False,
PanTS_00001091,1,ok,ok,False,False,False,False,
PanTS_00001099,0,orient_ambiguous,orient_ambiguous,False,False,False,False,
PanTS_00001104,0,ok,ok,False,False,False,False,
PanTS_00001111,1,no_mask,orient_ambiguous,False,False,False,False,
PanTS_00001115,0,ok,ok,False,False,False,False,
PanTS_00001121,1,too_small,orient_ambiguous,False,False,False,False,
PanTS_00001145,1,orient_ambiguous,ok,False,True,True,False,
PanTS_00001154,1,ok,ok,False,False,False,False,
PanTS_00001168,1,orient_ambiguous,ok,False,False,False,False,
PanTS_00001182,1,ok,ok,False,False,False,False,
PanTS_00001183,1,too_small,orient_ambiguous,False,False,False,False,
PanTS_00001186,1,ok,ok,False,False,False,False,
PanTS_00001193,1,too_small,loop_in_skeleton,False,False,False,False,
PanTS_00001194,0,no_mask,orient_ambiguous,False,False,False,False,
PanTS_00001195,0,no_mask,ok,False,False,False,False,
PanTS_00001197,1,orient_ambiguous,ok,False,False,False,False,
PanTS_00001208,0,ok,ok,False,False,False,False,
PanTS_00001215,1,too_small,orient_ambiguous,False,False,False,False,
PanTS_00001254,1,no_mask,ok,False,False,False,False,
PanTS_00001258,1,no_mask,orient_ambiguous,False,False,False,False,
PanTS_00001261,1,orient_ambiguous,orient_ambiguous,False,False,False,False,
PanTS_00001264,0,ok,ok,False,False,False,False,
PanTS_00001268,1,ok,ok,False,False,False,False,
PanTS_00001275,1,too_small,ok,False,False,False,False,
PanTS_00001277,1,ok,orient_ambiguous,True,False,True,False,
PanTS_00001297,1,ok,ok,False,False,False,False,
PanTS_00001311,0,no_regions,no_regions,False,False,False,False,
PanTS_00001314,0,orient_ambiguous,no_mask,False,False,False,False,
PanTS_00001317,0,no_mask,no_mask,False,False,False,False,
PanTS_00001321,1,no_mask,no_mask,False,False,False,False,
PanTS_00001322,0,orient_ambiguous,no_mask,False,False,False,False,
PanTS_00001326,1,ok,orient_ambiguous,False,False,False,False,
PanTS_00001327,1,no_mask,orient_ambiguous,False,False,False,False,
PanTS_00001331,1,ok,ok,False,True,True,False,
PanTS_00001333,0,no_mask,no_mask,False,False,False,False,
PanTS_00001347,1,loop_in_skeleton,ok,False,False,False,False,
PanTS_00001351,1,too_small,no_mask,False,False,False,False,
PanTS_00001352,1,orient_ambiguous,too_small,False,False,False,False,
PanTS_00001359,1,no_mask,ok,False,False,False,False,
PanTS_00001361,1,no_mask,orient_ambiguous,False,False,False,False,
PanTS_00001372,0,orient_ambiguous,orient_ambiguous,False,False,False,False,
PanTS_00001387,1,orient_ambiguous,ok,False,False,False,False,
PanTS_00001423,1,orient_ambiguous,ok,False,False,False,False,
PanTS_00001436,1,orient_ambiguous,orient_ambiguous,False,False,False,False,
PanTS_00001437,0,orient_ambiguous,ok,False,False,False,False,
PanTS_00001438,1,orient_ambiguous,ok,False,False,False,False,
PanTS_00001442,0,no_mask,orient_ambiguous,False,False,False,False,
PanTS_00001450,1,ok,ok,True,False,True,False,
PanTS_00001453,0,no_mask,ok,False,False,False,False,
PanTS_00001471,1,orient_ambiguous,ok,False,False,False,False,
PanTS_00001472,1,no_mask,no_mask,False,False,False,False,
PanTS_00001477,1,no_mask,no_mask,False,False,False,False,
PanTS_00001488,1,ok,ok,False,False,False,False,
PanTS_00001500,1,ok,ok,False,False,False,False,
PanTS_00001502,1,no_mask,orient_ambiguous,False,False,False,False,
PanTS_00001515,1,orient_ambiguous,orient_ambiguous,False,False,False,False,
PanTS_00001517,1,too_small,ok,False,False,False,False,
PanTS_00001519,1,orient_ambiguous,ok,False,False,False,False,
PanTS_00001524,0,ok,loop_in_skeleton,False,False,False,False,
PanTS_00001536,1,orient_ambiguous,orient_ambiguous,False,False,False,False,
PanTS_00001541,1,no_mask,ok,False,False,False,False,
PanTS_00001542,1,ok,orient_ambiguous,True,False,True,False,
PanTS_00001560,0,no_mask,no_mask,False,False,False,False,
PanTS_00001568,1,ok,ok,False,False,False,False,
PanTS_00001582,1,orient_ambiguous,ok,False,False,False,False,
PanTS_00001583,1,ok,orient_ambiguous,False,False,False,False,
PanTS_00001592,1,too_small,ok,False,True,True,False,
PanTS_00001601,1,ok,ok,False,False,False,False,
PanTS_00001612,1,orient_ambiguous,ok,False,False,False,False,
PanTS_00001618,1,ok,ok,False,False,False,False,
PanTS_00001645,1,too_small,too_small,False,False,False,False,
PanTS_00001649,1,ok,ok,False,False,False,False,
PanTS_00001650,1,orient_ambiguous,orient_ambiguous,False,False,False,False,
PanTS_00001655,1,orient_ambiguous,ok,False,False,False,False,
PanTS_00001660,0,too_small,ok,False,False,False,False,
PanTS_00001669,1,orient_ambiguous,ok,False,False,False,False,
PanTS_00001670,1,orient_ambiguous,orient_ambiguous,False,False,False,False,
PanTS_00001672,1,no_mask,orient_ambiguous,False,False,False,False,
PanTS_00001678,1,orient_ambiguous,ok,False,False,False,False,
PanTS_00001683,1,loop_in_skeleton,ok,False,False,False,False,
PanTS_00001684,0,orient_ambiguous,ok,False,False,False,False,
PanTS_00001693,0,too_small,orient_ambiguous,False,False,False,False,
PanTS_00001727,1,ok,ok,True,False,True,False,
PanTS_00001732,1,orient_ambiguous,orient_ambiguous,False,False,False,False,
PanTS_00001736,1,no_mask,ok,False,False,False,False,
PanTS_00001749,1,too_small,orient_ambiguous,False,False,False,False,
PanTS_00001751,1,orient_ambiguous,ok,False,False,False,False,
PanTS_00001755,0,no_mask,ok,False,False,False,False,
PanTS_00001771,1,no_mask,ok,False,False,False,False,
PanTS_00001787,1,no_mask,ok,False,False,False,False,
PanTS_00001802,1,no_mask,ok,False,False,False,False,
PanTS_00001816,1,orient_ambiguous,ok,False,False,False,False,
PanTS_00001823,1,no_mask,ok,False,False,False,False,
PanTS_00001826,1,ok,orient_ambiguous,False,False,False,False,
PanTS_00001829,1,orient_ambiguous,ok,False,False,False,False,
PanTS_00001840,1,no_regions,no_regions,False,False,False,False,
PanTS_00001850,1,orient_ambiguous,ok,False,False,False,False,
PanTS_00001856,1,ok,orient_ambiguous,False,False,False,False,
PanTS_00001870,1,no_mask,ok,False,False,False,False,
PanTS_00001873,1,orient_ambiguous,ok,False,False,False,False,
PanTS_00001874,1,ok,orient_ambiguous,False,False,False,False,
PanTS_00001876,1,no_mask,ok,False,False,False,False,
PanTS_00001878,1,no_mask,no_mask,False,False,False,False,
PanTS_00001890,0,ok,ok,False,False,False,False,
PanTS_00001913,1,too_small,ok,False,False,False,False,
PanTS_00001921,0,no_mask,orient_ambiguous,False,False,False,False,
PanTS_00001922,1,ok,ok,False,False,False,False,
PanTS_00001923,1,ok,loop_in_skeleton,False,False,False,False,
PanTS_00001941,1,ok,ok,False,False,False,False,
PanTS_00001946,1,ok,ok,False,False,False,False,
PanTS_00001964,1,ok,ok,False,False,False,False,
PanTS_00001968,1,ok,ok,False,False,False,False,
PanTS_00001973,1,ok,loop_in_skeleton,False,False,False,False,
PanTS_00001996,1,orient_ambiguous,ok,False,False,False,False,
PanTS_00002012,1,ok,ok,False,False,False,False,
PanTS_00002014,1,ok,ok,False,False,False,False,
PanTS_00002026,0,orient_ambiguous,ok,False,False,False,False,
PanTS_00002028,1,ok,ok,False,False,False,False,
PanTS_00002038,0,orient_ambiguous,ok,False,False,False,False,
PanTS_00002071,1,ok,ok,False,False,False,False,
PanTS_00002081,1,orient_ambiguous,orient_ambiguous,False,False,False,False,
PanTS_00002091,1,no_mask,no_mask,False,False,False,False,
PanTS_00002094,1,ok,ok,False,False,False,False,
PanTS_00002095,1,no_mask,ok,False,False,False,False,
PanTS_00002098,1,ok,orient_ambiguous,False,False,False,False,
PanTS_00002102,1,orient_ambiguous,ok,False,False,False,False,
PanTS_00002107,1,no_mask,orient_ambiguous,False,False,False,False,
PanTS_00002110,0,orient_ambiguous,ok,False,False,False,False,
PanTS_00002123,1,orient_ambiguous,ok,False,False,False,False,
PanTS_00002126,1,ok,orient_ambiguous,False,False,False,False,
PanTS_00002142,1,too_small,ok,False,False,False,False,
PanTS_00002162,0,no_mask,ok,False,False,False,False,
PanTS_00002172,0,no_mask,ok,False,False,False,False,
PanTS_00002177,1,orient_ambiguous,orient_ambiguous,False,False,False,False,
PanTS_00002179,0,orient_ambiguous,ok,False,False,False,False,
PanTS_00002186,1,too_small,ok,False,False,False,False,
PanTS_00002187,1,orient_ambiguous,orient_ambiguous,False,False,False,False,
PanTS_00002196,1,no_regions,no_regions,False,False,False,False,
PanTS_00002205,1,orient_ambiguous,orient_ambiguous,False,False,False,False,
PanTS_00002211,1,orient_ambiguous,no_mask,False,False,False,False,
PanTS_00002213,1,orient_ambiguous,orient_ambiguous,False,False,False,False,
PanTS_00002232,1,ok,ok,False,False,False,False,
PanTS_00002235,1,orient_ambiguous,ok,False,False,False,False,
PanTS_00002243,1,ok,ok,False,False,False,False,
PanTS_00002249,1,no_mask,ok,False,False,False,False,
PanTS_00002262,1,no_mask,no_mask,False,False,False,False,
PanTS_00002269,1,ok,ok,False,False,False,False,
PanTS_00002275,1,orient_ambiguous,ok,False,False,False,False,
PanTS_00002276,1,too_small,ok,False,False,False,False,
PanTS_00002279,1,ok,ok,False,False,False,False,
PanTS_00002281,0,ok,ok,False,False,False,False,
PanTS_00002287,1,no_mask,ok,False,False,False,False,
PanTS_00002304,1,ok,ok,False,False,False,False,
PanTS_00002323,1,too_small,ok,False,False,False,False,
PanTS_00002329,1,no_mask,ok,False,False,False,False,
PanTS_00002340,1,orient_ambiguous,ok,False,False,False,False,
PanTS_00002345,1,orient_ambiguous,ok,False,False,False,False,
PanTS_00002353,1,ok,orient_ambiguous,False,False,False,False,
PanTS_00002362,1,no_mask,orient_ambiguous,False,False,False,False,
PanTS_00002375,0,orient_ambiguous,loop_in_skeleton,False,False,False,False,
PanTS_00002388,1,ok,ok,True,False,True,False,
PanTS_00002396,1,orient_ambiguous,loop_in_skeleton,False,False,False,False,
PanTS_00002417,1,orient_ambiguous,orient_ambiguous,False,False,False,False,
PanTS_00002435,1,ok,orient_ambiguous,False,False,False,False,
PanTS_00002445,1,orient_ambiguous,orient_ambiguous,False,False,False,False,
PanTS_00002451,1,no_mask,no_regions,False,False,False,False,
PanTS_00002453,0,orient_ambiguous,orient_ambiguous,False,False,False,False,
PanTS_00002464,1,ok,loop_in_skeleton,True,False,True,False,
PanTS_00002466,1,too_small,too_small,False,False,False,False,
PanTS_00002468,1,orient_ambiguous,ok,False,False,False,False,
PanTS_00002472,0,no_mask,orient_ambiguous,False,False,False,False,
PanTS_00002479,1,no_mask,no_mask,False,False,False,False,
PanTS_00002483,1,no_mask,ok,False,False,False,False,
PanTS_00002495,1,ok,ok,False,False,False,False,
PanTS_00002497,1,no_mask,orient_ambiguous,False,False,False,False,
PanTS_00002498,1,orient_ambiguous,ok,False,False,False,False,
PanTS_00002514,1,ok,ok,True,False,True,False,
PanTS_00002541,1,orient_ambiguous,ok,False,False,False,False,
PanTS_00002566,0,ok,ok,False,False,False,False,
PanTS_00002567,1,ok,ok,False,False,False,False,
PanTS_00002572,1,orient_ambiguous,orient_ambiguous,False,False,False,False,
PanTS_00002582,0,no_mask,ok,False,False,False,False,
PanTS_00002585,1,ok,orient_ambiguous,False,False,False,False,
PanTS_00002592,1,too_small,ok,False,False,False,False,
PanTS_00002593,1,ok,ok,False,False,False,False,
PanTS_00002597,1,too_small,orient_ambiguous,False,False,False,False,
PanTS_00002609,1,ok,ok,False,False,False,False,
PanTS_00002616,1,ok,ok,False,False,False,False,
PanTS_00002628,1,ok,ok,False,False,False,False,
PanTS_00002643,1,orient_ambiguous,ok,False,False,False,False,
PanTS_00002652,1,too_small,ok,False,False,False,False,
PanTS_00002655,0,no_mask,orient_ambiguous,False,False,False,False,
PanTS_00002677,1,no_mask,no_mask,False,False,False,False,
PanTS_00002686,1,orient_ambiguous,ok,False,False,False,False,
PanTS_00002720,1,too_small,ok,False,False,False,False,
PanTS_00002729,1,ok,ok,False,False,False,False,
PanTS_00002734,1,orient_ambiguous,ok,False,False,False,False,
PanTS_00002741,1,ok,ok,False,False,False,False,
PanTS_00002750,1,no_mask,no_mask,False,False,False,False,
PanTS_00002759,1,no_mask,ok,False,False,False,False,
PanTS_00002765,0,ok,ok,False,False,False,False,
PanTS_00002779,1,no_mask,no_mask,False,False,False,False,
PanTS_00002783,0,too_small,too_small,False,False,False,False,
PanTS_00002821,0,ok,ok,False,False,False,False,
PanTS_00002829,1,orient_ambiguous,ok,False,False,False,False,
PanTS_00002840,0,no_mask,no_mask,False,False,False,False,
PanTS_00002849,1,ok,ok,False,False,False,False,
PanTS_00002855,1,no_mask,no_mask,False,False,False,False,
PanTS_00002859,1,orient_ambiguous,ok,False,False,False,False,
PanTS_00002866,1,orient_ambiguous,ok,False,False,False,False,
PanTS_00002875,1,orient_ambiguous,ok,False,False,False,False,
PanTS_00002887,0,too_small,ok,False,False,False,False,
PanTS_00002888,1,orient_ambiguous,ok,False,False,False,False,
PanTS_00002889,1,no_mask,too_small,False,False,False,False,
PanTS_00002893,1,orient_ambiguous,ok,False,False,False,False,
PanTS_00002898,1,no_mask,too_small,False,False,False,False,
PanTS_00002905,1,orient_ambiguous,ok,False,False,False,False,
PanTS_00002906,1,no_mask,ok,False,False,False,False,
PanTS_00002913,1,ok,ok,True,False,True,False,
PanTS_00002915,1,ok,ok,False,False,False,False,
PanTS_00002916,1,no_mask,ok,False,False,False,False,
PanTS_00002924,0,no_mask,ok,False,False,False,False,
PanTS_00002927,1,ok,ok,False,False,False,False,
PanTS_00002930,1,no_mask,ok,False,False,False,False,
PanTS_00002933,0,ok,ok,False,False,False,False,
PanTS_00002935,1,no_mask,no_mask,False,False,False,False,
PanTS_00002936,1,orient_ambiguous,orient_ambiguous,False,False,False,False,
PanTS_00002960,1,orient_ambiguous,loop_in_skeleton,False,False,False,False,
PanTS_00002963,1,too_small,no_mask,False,False,False,False,
PanTS_00002964,0,no_mask,ok,False,False,False,False,
PanTS_00002976,0,orient_ambiguous,orient_ambiguous,False,False,False,False,
PanTS_00002993,1,ok,loop_in_skeleton,False,False,False,False,
PanTS_00003012,1,too_small,loop_in_skeleton,False,False,False,False,
PanTS_00003024,1,orient_ambiguous,ok,False,False,False,False,
PanTS_00003029,1,orient_ambiguous,ok,False,False,False,False,
PanTS_00003033,1,ok,ok,False,False,False,False,
PanTS_00003038,1,no_mask,ok,False,False,False,False,
PanTS_00003051,1,no_mask,no_mask,False,False,False,False,
PanTS_00003054,0,no_mask,ok,False,False,False,False,
PanTS_00003068,0,orient_ambiguous,ok,False,False,False,False,
PanTS_00003072,1,no_mask,no_mask,False,False,False,False,
PanTS_00003079,1,ok,ok,False,False,False,False,
PanTS_00003082,1,orient_ambiguous,orient_ambiguous,False,False,False,False,
PanTS_00003084,1,orient_ambiguous,orient_ambiguous,False,False,False,False,
PanTS_00003113,1,ok,orient_ambiguous,False,False,False,False,
PanTS_00003123,0,no_mask,no_mask,False,False,False,False,
PanTS_00003127,1,orient_ambiguous,orient_ambiguous,False,False,False,False,
PanTS_00003128,1,orient_ambiguous,ok,False,False,False,False,
PanTS_00003130,1,too_small,ok,False,False,False,False,
PanTS_00003144,0,no_mask,ok,False,False,False,False,
PanTS_00003147,1,orient_ambiguous,ok,False,False,False,False,
PanTS_00003148,1,orient_ambiguous,orient_ambiguous,False,False,False,False,
PanTS_00003151,1,ok,ok,False,False,False,False,
PanTS_00003153,1,orient_ambiguous,ok,False,False,False,False,
PanTS_00003157,0,orient_ambiguous,orient_ambiguous,False,False,False,False,
PanTS_00003160,1,too_small,orient_ambiguous,False,False,False,False,
PanTS_00003161,1,too_small,loop_in_skeleton,False,False,False,False,
PanTS_00003162,1,orient_ambiguous,orient_ambiguous,False,False,False,False,
PanTS_00003180,0,orient_ambiguous,orient_ambiguous,False,False,False,False,
PanTS_00003187,1,no_mask,no_mask,False,False,False,False,
PanTS_00003188,1,orient_ambiguous,ok,False,False,False,False,
PanTS_00003192,1,ok,ok,False,False,False,False,
PanTS_00003199,0,no_mask,no_mask,False,False,False,False,
PanTS_00003202,1,ok,ok,False,False,False,False,
PanTS_00003204,0,too_small,orient_ambiguous,False,False,False,False,
PanTS_00003205,1,too_small,no_mask,False,False,False,False,
PanTS_00003218,0,orient_ambiguous,ok,False,False,False,False,
PanTS_00003229,1,too_small,orient_ambiguous,False,False,False,False,
PanTS_00003246,1,ok,orient_ambiguous,False,False,False,False,
PanTS_00003258,1,no_mask,ok,False,False,False,False,
PanTS_00003260,1,no_mask,no_mask,False,False,False,False,
PanTS_00003265,1,orient_ambiguous,loop_in_skeleton,False,False,False,False,
PanTS_00003270,1,ok,ok,False,True,True,False,
PanTS_00003276,1,ok,ok,False,True,True,False,
PanTS_00003280,1,orient_ambiguous,ok,False,False,False,False,
PanTS_00003287,1,ok,ok,False,False,False,False,
PanTS_00003291,0,orient_ambiguous,ok,False,False,False,False,
PanTS_00003292,1,ok,ok,False,False,False,False,
PanTS_00003300,1,ok,ok,False,False,False,False,
PanTS_00003303,1,no_mask,ok,False,False,False,False,
PanTS_00003318,1,ok,ok,False,False,False,False,
PanTS_00003339,1,too_small,ok,False,False,False,False,
PanTS_00003343,1,orient_ambiguous,ok,False,False,False,False,
PanTS_00003355,1,ok,ok,False,False,False,False,
PanTS_00003356,1,ok,ok,True,False,True,False,
PanTS_00003360,1,ok,too_small,True,False,True,False,
PanTS_00003370,1,orient_ambiguous,orient_ambiguous,False,False,False,False,
PanTS_00003391,1,ok,ok,False,False,False,False,
PanTS_00003398,1,no_mask,orient_ambiguous,False,False,False,False,
PanTS_00003405,1,ok,ok,False,False,False,False,
PanTS_00003411,0,no_mask,ok,False,False,False,False,
PanTS_00003416,1,no_mask,ok,False,False,False,False,
PanTS_00003428,0,no_mask,ok,False,False,False,False,
PanTS_00003431,1,ok,ok,False,False,False,False,
PanTS_00003434,1,ok,ok,False,False,False,False,
PanTS_00003437,1,ok,ok,False,False,False,False,
PanTS_00003441,1,ok,ok,True,False,True,False,
PanTS_00003447,0,orient_ambiguous,ok,False,False,False,False,
PanTS_00003457,1,ok,ok,True,False,True,False,
PanTS_00003473,1,orient_ambiguous,ok,False,False,False,False,
PanTS_00003477,0,orient_ambiguous,no_mask,False,False,False,False,
PanTS_00003485,1,orient_ambiguous,ok,False,False,False,False,
PanTS_00003493,1,no_mask,ok,False,False,False,False,
PanTS_00003495,1,no_mask,ok,False,False,False,False,
PanTS_00003496,1,ok,orient_ambiguous,False,False,False,False,
PanTS_00003513,1,ok,ok,False,False,False,False,
PanTS_00003516,0,too_small,orient_ambiguous,False,False,False,False,
PanTS_00003521,1,too_small,orient_ambiguous,False,False,False,False,
PanTS_00003527,1,orient_ambiguous,ok,False,False,False,False,
PanTS_00003558,1,ok,ok,False,False,False,False,
PanTS_00003563,0,ok,ok,False,False,False,False,
PanTS_00003569,0,orient_ambiguous,orient_ambiguous,False,False,False,False,
PanTS_00003570,1,orient_ambiguous,ok,False,False,False,False,
PanTS_00003578,1,ok,orient_ambiguous,False,False,False,False,
PanTS_00003581,0,no_mask,ok,False,False,False,False,
PanTS_00003586,1,orient_ambiguous,ok,False,False,False,False,
PanTS_00003587,1,orient_ambiguous,no_mask,False,False,False,False,
PanTS_00003588,1,ok,ok,False,False,False,False,
PanTS_00003595,1,ok,orient_ambiguous,False,False,False,False,
PanTS_00003602,1,ok,ok,False,False,False,False,
PanTS_00003615,1,ok,ok,False,False,False,False,
PanTS_00003624,1,orient_ambiguous,loop_in_skeleton,False,False,False,False,
PanTS_00003631,1,ok,ok,False,False,False,False,
PanTS_00003639,1,orient_ambiguous,no_mask,False,False,False,False,
PanTS_00003642,1,ok,ok,False,False,False,False,
PanTS_00003654,1,orient_ambiguous,ok,False,False,False,False,
PanTS_00003662,0,orient_ambiguous,ok,False,False,False,False,
PanTS_00003672,1,orient_ambiguous,ok,False,False,False,False,
PanTS_00003676,0,orient_ambiguous,orient_ambiguous,False,False,False,False,
PanTS_00003679,1,ok,loop_in_skeleton,False,False,False,False,
PanTS_00003684,1,ok,orient_ambiguous,False,False,False,False,
PanTS_00003700,1,ok,ok,False,False,False,False,
PanTS_00003706,1,orient_ambiguous,ok,False,False,False,False,
PanTS_00003711,1,too_small,ok,False,True,True,False,
PanTS_00003730,1,ok,ok,False,False,False,False,
PanTS_00003736,1,too_small,ok,False,False,False,False,
PanTS_00003746,1,orient_ambiguous,ok,False,False,False,False,
PanTS_00003750,1,orient_ambiguous,ok,False,False,False,False,
PanTS_00003768,1,orient_ambiguous,ok,False,False,False,False,
PanTS_00003776,1,orient_ambiguous,orient_ambiguous,False,False,False,False,
PanTS_00003777,1,ok,ok,False,False,False,False,
PanTS_00003782,1,orient_ambiguous,ok,False,False,False,False,
PanTS_00003784,1,too_small,ok,False,False,False,False,
PanTS_00003812,1,ok,ok,False,False,False,False,
PanTS_00003815,0,no_mask,ok,False,False,False,False,
PanTS_00003824,1,ok,ok,False,False,False,False,
PanTS_00003841,1,orient_ambiguous,ok,False,False,False,False,
PanTS_00003849,1,orient_ambiguous,ok,False,False,False,False,
PanTS_00003889,1,no_regions,no_regions,False,False,False,False,
PanTS_00003894,1,no_mask,ok,False,False,False,False,
PanTS_00003900,1,no_mask,no_mask,False,False,False,False,
PanTS_00003916,1,orient_ambiguous,orient_ambiguous,False,False,False,False,
PanTS_00003919,1,orient_ambiguous,orient_ambiguous,False,False,False,False,
PanTS_00003921,1,orient_ambiguous,ok,False,False,False,False,
PanTS_00003923,1,ok,ok,False,True,True,False,
PanTS_00003924,0,too_small,no_mask,False,False,False,False,
PanTS_00003928,0,orient_ambiguous,orient_ambiguous,False,False,False,False,
PanTS_00003937,1,too_small,ok,False,False,False,False,
PanTS_00003942,1,orient_ambiguous,ok,False,False,False,False,
PanTS_00003950,1,no_regions,no_regions,False,False,False,False,
PanTS_00003953,1,orient_ambiguous,ok,False,False,False,False,
PanTS_00003968,1,orient_ambiguous,ok,False,False,False,False,
PanTS_00003969,1,ok,ok,False,False,False,False,
PanTS_00003974,1,ok,ok,False,False,False,False,
PanTS_00003978,1,orient_ambiguous,ok,False,False,False,False,
PanTS_00003993,1,no_regions,no_regions,False,False,False,False,
PanTS_00004029,1,ok,ok,True,False,True,False,
PanTS_00004033,1,ok,ok,False,False,False,False,
PanTS_00004046,1,too_small,ok,False,False,False,False,
PanTS_00004055,1,no_mask,ok,False,False,False,False,
PanTS_00004058,1,orient_ambiguous,ok,False,False,False,False,
PanTS_00004064,1,ok,ok,False,False,False,False,
PanTS_00004069,1,no_mask,ok,False,False,False,False,
PanTS_00004078,1,too_small,no_mask,False,False,False,False,
PanTS_00004085,1,orient_ambiguous,ok,False,False,False,False,
PanTS_00004089,0,orient_ambiguous,ok,False,False,False,False,
PanTS_00004099,0,no_mask,orient_ambiguous,False,False,False,False,
PanTS_00004112,0,orient_ambiguous,ok,False,False,False,False,
PanTS_00004117,1,orient_ambiguous,orient_ambiguous,False,False,False,False,
PanTS_00004121,1,no_mask,ok,False,False,False,False,
PanTS_00004122,1,orient_ambiguous,ok,False,False,False,False,
PanTS_00004123,1,orient_ambiguous,ok,False,False,False,False,
PanTS_00004124,1,orient_ambiguous,ok,False,False,False,False,
PanTS_00004155,1,orient_ambiguous,ok,False,False,False,False,
PanTS_00004157,1,orient_ambiguous,orient_ambiguous,False,False,False,False,
PanTS_00004190,1,too_small,ok,False,False,False,False,
PanTS_00004208,1,orient_ambiguous,ok,False,False,False,False,
PanTS_00004225,1,orient_ambiguous,ok,False,False,False,False,
PanTS_00004230,0,too_small,ok,False,False,False,False,
PanTS_00004231,1,ok,ok,False,False,False,False,
PanTS_00004243,1,ok,ok,False,False,False,False,
PanTS_00004248,0,no_mask,ok,False,False,False,False,
PanTS_00004251,0,orient_ambiguous,ok,False,False,False,False,
PanTS_00004262,1,orient_ambiguous,ok,False,False,False,False,
PanTS_00004267,1,too_small,ok,False,False,False,False,
PanTS_00004268,1,ok,ok,False,False,False,False,
PanTS_00004270,0,orient_ambiguous,orient_ambiguous,False,False,False,False,
PanTS_00004287,0,orient_ambiguous,orient_ambiguous,False,False,False,False,
PanTS_00004290,0,orient_ambiguous,ok,False,False,False,False,
PanTS_00004301,1,ok,ok,False,False,False,False,
PanTS_00004312,0,too_small,ok,False,False,False,False,
PanTS_00004313,1,orient_ambiguous,ok,False,False,False,False,
PanTS_00004323,1,orient_ambiguous,ok,False,False,False,False,
PanTS_00004329,1,no_mask,no_mask,False,False,False,False,
PanTS_00004330,0,no_mask,no_mask,False,False,False,False,
PanTS_00004339,0,too_small,orient_ambiguous,False,False,False,False,
PanTS_00004360,1,orient_ambiguous,orient_ambiguous,False,False,False,False,
PanTS_00004366,1,orient_ambiguous,too_small,False,False,False,False,
PanTS_00004400,0,orient_ambiguous,ok,False,False,False,False,
PanTS_00004408,1,ok,ok,True,False,True,False,
PanTS_00004420,1,ok,ok,False,False,False,False,
PanTS_00004424,0,orient_ambiguous,no_mask,False,False,False,False,
PanTS_00004426,1,too_small,ok,False,False,False,False,
PanTS_00004427,0,no_mask,ok,False,False,False,False,
PanTS_00004438,1,orient_ambiguous,ok,False,False,False,False,
PanTS_00004446,0,orient_ambiguous,ok,False,False,False,False,
PanTS_00004448,1,ok,ok,False,False,False,False,
PanTS_00004449,1,orient_ambiguous,ok,False,False,False,False,
PanTS_00004454,1,orient_ambiguous,ok,False,False,False,False,
PanTS_00004475,1,ok,ok,False,False,False,False,
PanTS_00004483,1,orient_ambiguous,ok,False,False,False,False,
PanTS_00004486,0,no_mask,orient_ambiguous,False,False,False,False,
PanTS_00004497,1,orient_ambiguous,ok,False,False,False,False,
PanTS_00004503,1,orient_ambiguous,ok,False,False,False,False,
PanTS_00004506,1,orient_ambiguous,ok,False,False,False,False,
PanTS_00004513,1,ok,ok,False,False,False,False,
PanTS_00004517,1,too_small,ok,False,False,False,False,
PanTS_00004521,1,orient_ambiguous,ok,False,False,False,False,
PanTS_00004523,1,ok,ok,False,False,False,False,
PanTS_00004527,0,orient_ambiguous,ok,False,False,False,False,
PanTS_00004538,1,orient_ambiguous,orient_ambiguous,False,False,False,False,
PanTS_00004539,1,no_mask,ok,False,False,False,False,
PanTS_00004540,1,no_regions,no_regions,False,False,False,False,
PanTS_00004542,1,ok,ok,False,False,False,False,
PanTS_00004548,0,orient_ambiguous,ok,False,False,False,False,
PanTS_00004568,0,orient_ambiguous,ok,False,False,False,False,
PanTS_00004571,1,no_mask,orient_ambiguous,False,False,False,False,
PanTS_00004597,1,ok,loop_in_skeleton,False,False,False,False,
PanTS_00004602,1,too_small,ok,False,False,False,False,
PanTS_00004621,0,ok,ok,False,False,False,False,
PanTS_00004664,0,orient_ambiguous,orient_ambiguous,False,False,False,False,
PanTS_00004665,0,orient_ambiguous,ok,False,False,False,False,
PanTS_00004669,1,orient_ambiguous,ok,False,False,False,False,
PanTS_00004671,1,orient_ambiguous,no_mask,False,False,False,False,
PanTS_00004673,1,orient_ambiguous,ok,False,False,False,False,
PanTS_00004677,1,ok,orient_ambiguous,False,False,False,False,
PanTS_00004681,1,too_small,no_mask,False,False,False,False,
PanTS_00004699,0,too_small,ok,False,False,False,False,
PanTS_00004702,0,too_small,ok,False,False,False,False,
PanTS_00004703,1,ok,ok,False,False,False,False,
PanTS_00004707,1,ok,ok,False,False,False,False,
PanTS_00004722,0,no_regions,no_regions,False,False,False,False,
PanTS_00004723,0,orient_ambiguous,ok,False,False,False,False,
PanTS_00004724,1,orient_ambiguous,ok,False,False,False,False,
PanTS_00004730,0,orient_ambiguous,ok,False,False,False,False,
PanTS_00004735,1,too_small,ok,False,False,False,False,
PanTS_00004748,1,orient_ambiguous,ok,False,False,False,False,
PanTS_00004750,0,no_mask,orient_ambiguous,False,False,False,False,
PanTS_00004753,1,ok,orient_ambiguous,False,False,False,False,
PanTS_00004769,1,orient_ambiguous,ok,False,False,False,False,
PanTS_00004776,0,ok,ok,False,False,False,False,
PanTS_00004788,1,no_mask,no_mask,False,False,False,False,
PanTS_00004793,0,orient_ambiguous,ok,False,False,False,False,
PanTS_00004796,1,orient_ambiguous,ok,False,False,False,False,
PanTS_00004800,1,too_small,orient_ambiguous,False,False,False,False,
PanTS_00004825,1,ok,ok,False,False,False,False,
PanTS_00004828,1,orient_ambiguous,ok,False,False,False,False,
PanTS_00004842,1,ok,ok,False,False,False,False,
PanTS_00004856,1,no_mask,no_mask,False,False,False,False,
PanTS_00004857,1,no_mask,ok,False,False,False,False,
PanTS_00004859,0,no_mask,no_mask,False,False,False,False,
PanTS_00004880,0,orient_ambiguous,ok,False,False,False,False,
PanTS_00004901,0,no_mask,ok,False,False,False,False,
PanTS_00004913,0,no_regions,no_regions,False,False,False,False,
PanTS_00004937,1,ok,ok,False,False,False,False,
PanTS_00004954,0,ok,ok,False,False,False,False,
PanTS_00004963,1,ok,ok,False,False,False,False,
PanTS_00004964,1,ok,ok,True,False,True,False,
PanTS_00005011,1,ok,ok,False,False,False,False,
PanTS_00005016,0,no_mask,no_mask,False,False,False,False,
PanTS_00005017,1,too_small,too_small,False,False,False,False,
PanTS_00005027,1,ok,ok,False,False,False,False,
PanTS_00005034,0,orient_ambiguous,ok,False,False,False,False,
PanTS_00005041,1,orient_ambiguous,ok,False,False,False,False,
PanTS_00005050,0,orient_ambiguous,ok,False,False,False,False,
PanTS_00005054,1,ok,ok,False,False,False,False,
PanTS_00005056,1,orient_ambiguous,ok,False,False,False,False,
PanTS_00005062,1,loop_in_skeleton,ok,False,False,False,False,
PanTS_00005085,1,ok,loop_in_skeleton,False,False,False,False,
PanTS_00005095,1,no_mask,ok,False,False,False,False,
PanTS_00005103,0,no_mask,orient_ambiguous,False,False,False,False,
PanTS_00005114,1,ok,loop_in_skeleton,False,False,False,False,
PanTS_00005137,1,ok,ok,False,False,False,False,
PanTS_00005148,0,orient_ambiguous,ok,False,False,False,False,
PanTS_00005162,1,no_mask,no_mask,False,False,False,False,
PanTS_00005172,1,ok,ok,False,False,False,False,
PanTS_00005180,1,no_mask,ok,False,False,False,False,
PanTS_00005186,1,ok,loop_in_skeleton,False,False,False,False,
PanTS_00005188,1,orient_ambiguous,loop_in_skeleton,False,False,False,False,
PanTS_00005195,0,orient_ambiguous,orient_ambiguous,False,False,False,False,
PanTS_00005207,1,ok,ok,False,False,False,False,
PanTS_00005210,1,ok,ok,True,False,True,False,
PanTS_00005221,1,ok,ok,True,False,True,False,
PanTS_00005225,0,too_small,ok,False,False,False,False,
PanTS_00005226,0,orient_ambiguous,loop_in_skeleton,False,False,False,False,
PanTS_00005230,1,orient_ambiguous,ok,False,False,False,False,
PanTS_00005242,1,ok,ok,False,False,False,False,
PanTS_00005250,1,too_small,ok,False,False,False,False,
PanTS_00005257,1,ok,ok,False,False,False,False,
PanTS_00005266,1,no_mask,no_mask,False,False,False,False,
PanTS_00005268,1,ok,ok,False,False,False,False,
PanTS_00005275,1,ok,ok,False,False,False,False,
PanTS_00005284,0,orient_ambiguous,ok,False,False,False,False,
PanTS_00005290,1,ok,ok,False,False,False,False,
PanTS_00005309,1,ok,ok,True,False,True,False,
PanTS_00005316,1,no_mask,orient_ambiguous,False,False,False,False,
PanTS_00005362,1,orient_ambiguous,ok,False,False,False,False,
PanTS_00005370,1,orient_ambiguous,ok,False,False,False,False,
PanTS_00005371,0,no_mask,no_mask,False,False,False,False,
PanTS_00005379,0,too_small,ok,False,False,False,False,
PanTS_00005390,1,no_mask,too_small,False,False,False,False,
PanTS_00005391,1,ok,ok,False,False,False,False,
PanTS_00005392,1,too_small,orient_ambiguous,False,False,False,False,
PanTS_00005412,0,too_small,ok,False,False,False,False,
PanTS_00005420,1,orient_ambiguous,ok,False,False,False,False,
PanTS_00005422,1,orient_ambiguous,ok,False,False,False,False,
PanTS_00005428,1,no_mask,ok,False,False,False,False,
PanTS_00005437,1,too_small,orient_ambiguous,False,False,False,False,
PanTS_00005466,1,loop_in_skeleton,ok,False,False,False,False,
PanTS_00005473,0,orient_ambiguous,orient_ambiguous,False,False,False,False,
PanTS_00005489,0,ok,ok,False,False,False,False,
PanTS_00005504,0,no_regions,no_regions,False,False,False,False,
PanTS_00005513,0,no_mask,no_mask,False,False,False,False,
PanTS_00005514,1,orient_ambiguous,ok,False,False,False,False,
PanTS_00005525,1,orient_ambiguous,orient_ambiguous,False,False,False,False,
PanTS_00005538,1,ok,ok,False,True,True,False,
PanTS_00005545,0,too_small,too_small,False,False,False,False,
PanTS_00005549,0,no_mask,no_regions,False,False,False,False,
PanTS_00005558,1,orient_ambiguous,ok,False,False,False,False,
PanTS_00005571,1,ok,ok,False,False,False,False,
PanTS_00005580,0,no_mask,ok,False,False,False,False,
PanTS_00005583,1,orient_ambiguous,ok,False,False,False,False,
PanTS_00005589,0,orient_ambiguous,ok,False,False,False,False,
PanTS_00005623,1,no_mask,no_mask,False,False,False,False,
PanTS_00005641,1,orient_ambiguous,ok,False,False,False,False,
PanTS_00005643,1,orient_ambiguous,ok,False,False,False,False,
PanTS_00005661,1,too_small,ok,False,False,False,False,
PanTS_00005665,1,orient_ambiguous,no_mask,False,False,False,False,
PanTS_00005676,0,no_mask,ok,False,False,False,False,
PanTS_00005677,1,too_small,orient_ambiguous,False,False,False,False,
PanTS_00005695,0,too_small,ok,False,False,False,False,
PanTS_00005724,0,no_mask,ok,False,False,False,False,
PanTS_00005731,1,too_small,no_regions,False,False,False,False,
PanTS_00005732,1,ok,ok,False,False,False,False,
PanTS_00005739,1,ok,ok,True,False,True,False,
PanTS_00005742,1,no_mask,ok,False,False,False,False,
PanTS_00005757,1,ok,ok,False,True,True,False,
PanTS_00005759,1,ok,ok,False,False,False,False,
PanTS_00005766,1,ok,ok,False,False,False,False,
PanTS_00005774,1,orient_ambiguous,ok,False,False,False,False,
PanTS_00005780,1,ok,ok,False,False,False,False,
PanTS_00005782,1,ok,too_small,False,False,False,False,
PanTS_00005785,1,no_mask,ok,False,False,False,False,
PanTS_00005793,0,ok,ok,False,False,False,False,
PanTS_00005796,0,no_mask,ok,False,False,False,False,
PanTS_00005803,1,no_mask,ok,False,False,False,False,
PanTS_00005806,1,ok,orient_ambiguous,False,False,False,False,
PanTS_00005821,1,ok,ok,False,False,False,False,
PanTS_00005832,1,no_mask,no_mask,False,False,False,False,
PanTS_00005855,1,ok,ok,False,False,False,False,
PanTS_00005864,1,too_small,ok,False,False,False,False,
PanTS_00005869,0,no_mask,no_mask,False,False,False,False,
PanTS_00005876,1,too_small,ok,False,False,False,False,
PanTS_00005881,1,no_mask,ok,False,False,False,False,
PanTS_00005894,0,orient_ambiguous,ok,False,False,False,False,
PanTS_00005905,1,orient_ambiguous,orient_ambiguous,False,False,False,False,
PanTS_00005915,0,no_mask,loop_in_skeleton,False,False,False,False,
PanTS_00005921,1,ok,ok,False,False,False,False,
PanTS_00005924,1,orient_ambiguous,orient_ambiguous,False,False,False,False,
PanTS_00005931,1,ok,ok,False,False,False,False,
PanTS_00005934,0,orient_ambiguous,orient_ambiguous,False,False,False,False,
PanTS_00005938,0,orient_ambiguous,ok,False,False,False,False,
PanTS_00005960,1,orient_ambiguous,ok,False,False,False,False,
PanTS_00005985,1,no_mask,no_mask,False,False,False,False,
PanTS_00005992,1,ok,ok,False,False,False,False,
PanTS_00005994,1,too_small,loop_in_skeleton,False,False,False,False,
PanTS_00005995,1,no_mask,orient_ambiguous,False,False,False,False,
PanTS_00006000,1,ok,ok,False,True,True,False,
PanTS_00006011,1,orient_ambiguous,ok,False,False,False,False,
PanTS_00006034,0,no_mask,no_mask,False,False,False,False,
PanTS_00006039,1,orient_ambiguous,ok,False,False,False,False,
PanTS_00006054,1,no_mask,no_mask,False,False,False,False,
PanTS_00006056,1,orient_ambiguous,ok,False,False,False,False,
PanTS_00006064,1,ok,ok,False,False,False,False,
PanTS_00006071,0,orient_ambiguous,ok,False,False,False,False,
PanTS_00006078,0,orient_ambiguous,ok,False,False,False,False,
PanTS_00006079,1,ok,ok,False,True,True,False,
PanTS_00006135,1,orient_ambiguous,ok,False,False,False,False,
PanTS_00006142,1,too_small,ok,False,False,False,False,
PanTS_00006157,1,orient_ambiguous,ok,False,False,False,False,
PanTS_00006166,0,no_mask,no_mask,False,False,False,False,
PanTS_00006178,1,too_small,ok,False,False,False,False,
PanTS_00006183,1,ok,ok,False,False,False,False,
PanTS_00006193,1,no_mask,ok,False,False,False,False,
PanTS_00006195,0,orient_ambiguous,ok,False,False,False,False,
PanTS_00006201,1,ok,ok,False,False,False,False,
PanTS_00006209,0,orient_ambiguous,orient_ambiguous,False,False,False,False,
PanTS_00006218,1,ok,ok,False,False,False,False,
PanTS_00006222,1,no_mask,orient_ambiguous,False,False,False,False,
PanTS_00006224,0,ok,ok,False,False,False,False,
PanTS_00006238,1,orient_ambiguous,ok,False,False,False,False,
PanTS_00006256,1,orient_ambiguous,ok,False,False,False,False,
PanTS_00006257,1,no_mask,no_mask,False,False,False,False,
PanTS_00006263,1,ok,ok,True,False,True,False,
PanTS_00006268,1,ok,ok,False,False,False,False,
PanTS_00006272,1,ok,ok,False,False,False,False,
PanTS_00006274,0,ok,ok,False,False,False,False,
PanTS_00006275,1,no_mask,no_mask,False,False,False,False,
PanTS_00006282,1,no_regions,no_regions,False,False,False,False,
PanTS_00006287,1,no_mask,ok,False,False,False,False,
PanTS_00006296,0,orient_ambiguous,ok,False,False,False,False,
PanTS_00006300,1,orient_ambiguous,ok,False,False,False,False,
PanTS_00006303,0,no_mask,too_small,False,False,False,False,
PanTS_00006304,1,ok,ok,False,False,False,False,
PanTS_00006310,0,orient_ambiguous,ok,False,False,False,False,
PanTS_00006311,1,no_mask,ok,False,False,False,False,
PanTS_00006315,1,too_small,loop_in_skeleton,False,False,False,False,
PanTS_00006319,1,orient_ambiguous,ok,False,False,False,False,
PanTS_00006321,0,orient_ambiguous,ok,False,False,False,False,
PanTS_00006331,1,no_mask,ok,False,False,False,False,
PanTS_00006333,1,ok,ok,False,False,False,False,
PanTS_00006340,1,no_mask,ok,False,False,False,False,
PanTS_00006350,1,orient_ambiguous,ok,False,False,False,False,
PanTS_00006351,1,orient_ambiguous,no_mask,False,False,False,False,
PanTS_00006353,1,too_small,orient_ambiguous,False,False,False,False,
PanTS_00006376,0,ok,ok,False,False,False,False,
PanTS_00006379,0,no_mask,no_mask,False,False,False,False,
PanTS_00006384,1,ok,ok,False,False,False,False,
PanTS_00006394,1,no_mask,no_mask,False,False,False,False,
PanTS_00006400,0,no_mask,orient_ambiguous,False,False,False,False,
PanTS_00006413,1,ok,too_small,False,False,False,False,
PanTS_00006422,1,no_mask,ok,False,False,False,False,
PanTS_00006430,1,no_mask,ok,False,True,True,False,
PanTS_00006432,1,loop_in_skeleton,orient_ambiguous,False,False,False,False,
PanTS_00006434,0,orient_ambiguous,ok,False,False,False,False,
PanTS_00006442,0,no_regions,no_regions,False,False,False,False,
PanTS_00006447,1,too_small,orient_ambiguous,False,False,False,False,
PanTS_00006457,0,ok,ok,False,False,False,False,
PanTS_00006459,0,orient_ambiguous,orient_ambiguous,False,False,False,False,
PanTS_00006466,1,too_small,orient_ambiguous,False,False,False,False,
PanTS_00006467,1,ok,ok,False,False,False,False,
PanTS_00006475,0,no_mask,no_mask,False,False,False,False,
PanTS_00006483,1,orient_ambiguous,ok,False,False,False,False,
PanTS_00006513,1,ok,ok,False,False,False,False,
PanTS_00006514,0,no_mask,too_small,False,False,False,False,
PanTS_00006519,1,no_mask,ok,False,False,False,False,
PanTS_00006523,1,too_small,ok,False,False,False,False,
PanTS_00006525,1,no_mask,orient_ambiguous,False,False,False,False,
PanTS_00006536,1,too_small,ok,False,False,False,False,
PanTS_00006559,1,no_mask,ok,False,False,False,False,
PanTS_00006574,0,ok,ok,False,False,False,False,
PanTS_00006576,1,orient_ambiguous,ok,False,False,False,False,
PanTS_00006580,0,no_mask,no_mask,False,False,False,False,
PanTS_00006601,0,orient_ambiguous,loop_in_skeleton,False,False,False,False,
PanTS_00006605,0,orient_ambiguous,ok,False,False,False,False,
PanTS_00006612,0,no_mask,ok,False,False,False,False,
PanTS_00006616,1,ok,ok,False,False,False,False,
PanTS_00006641,0,orient_ambiguous,ok,False,False,False,False,
PanTS_00006642,0,too_small,ok,False,False,False,False,
PanTS_00006650,1,too_small,orient_ambiguous,False,False,False,False,
PanTS_00006654,1,ok,ok,False,False,False,False,
PanTS_00006656,0,ok,ok,False,False,False,False,
PanTS_00006661,1,no_mask,ok,False,False,False,False,
PanTS_00006665,1,no_mask,ok,False,False,False,False,
PanTS_00006707,1,no_mask,orient_ambiguous,False,False,False,False,
PanTS_00006710,1,orient_ambiguous,ok,False,False,False,False,
PanTS_00006717,0,no_mask,ok,False,False,False,False,
PanTS_00006734,1,too_small,ok,False,False,False,False,
PanTS_00006739,0,orient_ambiguous,ok,False,False,False,False,
PanTS_00006741,1,too_small,orient_ambiguous,False,False,False,False,
PanTS_00006746,1,orient_ambiguous,ok,False,False,False,False,
PanTS_00006754,1,orient_ambiguous,ok,False,False,False,False,
PanTS_00006755,1,no_mask,too_small,False,False,False,False,
PanTS_00006771,0,orient_ambiguous,ok,False,False,False,False,
PanTS_00006772,1,orient_ambiguous,ok,False,False,False,False,
PanTS_00006783,0,orient_ambiguous,ok,False,False,False,False,
PanTS_00006786,1,ok,ok,False,False,False,False,
PanTS_00006791,0,ok,ok,False,False,False,False,
PanTS_00006795,1,orient_ambiguous,loop_in_skeleton,False,False,False,False,
PanTS_00006797,0,no_mask,no_mask,False,False,False,False,
PanTS_00006798,0,ok,ok,False,False,False,False,
PanTS_00006799,0,no_mask,ok,False,False,False,False,
PanTS_00006802,1,ok,ok,False,False,False,False,
PanTS_00006806,0,orient_ambiguous,orient_ambiguous,False,False,False,False,
PanTS_00006816,1,ok,orient_ambiguous,False,False,False,False,
PanTS_00006837,1,ok,ok,False,False,False,False,
PanTS_00006843,0,no_mask,ok,False,False,False,False,
PanTS_00006859,0,orient_ambiguous,ok,False,False,False,False,
PanTS_00006874,0,too_small,ok,False,False,False,False,
PanTS_00006879,1,ok,ok,False,False,False,False,
PanTS_00006887,0,orient_ambiguous,ok,False,False,False,False,
PanTS_00006903,1,orient_ambiguous,ok,False,False,False,False,
PanTS_00006917,1,no_mask,orient_ambiguous,False,False,False,False,
PanTS_00006921,1,ok,ok,False,False,False,False,
PanTS_00006927,1,no_mask,ok,False,False,False,False,
PanTS_00006944,0,orient_ambiguous,ok,False,False,False,False,
PanTS_00006945,1,orient_ambiguous,loop_in_skeleton,False,False,False,False,
PanTS_00006946,0,too_small,no_mask,False,False,False,False,
PanTS_00006959,1,no_mask,ok,False,False,False,False,
PanTS_00006960,1,ok,ok,False,False,False,False,
PanTS_00006971,0,no_mask,loop_in_skeleton,False,False,False,False,
PanTS_00006975,1,ok,ok,False,True,True,False,
PanTS_00006982,1,ok,ok,False,False,False,False,
PanTS_00006987,1,ok,orient_ambiguous,False,False,False,False,
PanTS_00006998,1,ok,orient_ambiguous,False,False,False,False,
PanTS_00006999,0,too_small,ok,False,False,False,False,
PanTS_00007001,1,orient_ambiguous,ok,False,False,False,False,
PanTS_00007002,1,too_small,ok,False,False,False,False,
PanTS_00007014,1,orient_ambiguous,ok,False,False,False,False,
PanTS_00007040,0,ok,ok,False,False,False,False,
PanTS_00007042,0,too_small,ok,False,False,False,False,
PanTS_00007044,1,no_mask,too_small,False,False,False,False,
PanTS_00007048,1,orient_ambiguous,loop_in_skeleton,False,False,False,False,
PanTS_00007053,1,ok,loop_in_skeleton,False,False,False,False,
PanTS_00007054,1,orient_ambiguous,ok,False,False,False,False,
PanTS_00007060,1,too_small,ok,False,False,False,False,
PanTS_00007065,1,ok,ok,False,False,False,False,
PanTS_00007067,1,ok,ok,False,False,False,False,
PanTS_00007071,1,orient_ambiguous,loop_in_skeleton,False,False,False,False,
PanTS_00007093,1,ok,ok,False,False,False,False,
PanTS_00007094,1,orient_ambiguous,orient_ambiguous,False,False,False,False,
PanTS_00007095,1,orient_ambiguous,ok,False,False,False,False,
PanTS_00007099,1,orient_ambiguous,orient_ambiguous,False,False,False,False,
PanTS_00007100,1,orient_ambiguous,orient_ambiguous,False,False,False,False,
PanTS_00007102,1,too_small,ok,False,False,False,False,
PanTS_00007105,1,ok,ok,False,False,False,False,
PanTS_00007110,0,orient_ambiguous,ok,False,False,False,False,
PanTS_00007114,1,ok,ok,False,True,True,False,
PanTS_00007115,1,ok,ok,False,False,False,False,
PanTS_00007118,0,orient_ambiguous,orient_ambiguous,False,False,False,False,
PanTS_00007122,1,too_small,no_mask,False,False,False,False,
PanTS_00007130,1,ok,ok,False,False,False,False,
PanTS_00007132,0,ok,orient_ambiguous,False,False,False,False,
PanTS_00007135,1,no_mask,ok,False,False,False,False,
PanTS_00007136,0,no_mask,no_regions,False,False,False,False,
PanTS_00007147,1,ok,ok,False,False,False,False,
PanTS_00007151,1,orient_ambiguous,ok,False,False,False,False,
PanTS_00007152,1,orient_ambiguous,ok,False,False,False,False,
PanTS_00007157,1,orient_ambiguous,ok,False,False,False,False,
PanTS_00007166,1,ok,orient_ambiguous,False,False,False,False,
PanTS_00007167,1,ok,ok,False,False,False,False,
PanTS_00007169,0,ok,ok,False,False,False,False,
PanTS_00007178,0,no_mask,ok,False,False,False,False,
PanTS_00007182,0,too_small,ok,False,False,False,False,
PanTS_00007184,1,no_mask,ok,False,False,False,False,
PanTS_00007190,1,orient_ambiguous,ok,False,False,False,False,
PanTS_00007194,1,orient_ambiguous,ok,False,False,False,False,
PanTS_00007201,1,too_small,ok,False,False,False,False,
PanTS_00007211,1,ok,ok,False,False,False,False,
PanTS_00007217,1,no_mask,no_regions,False,False,False,False,
PanTS_00007227,1,no_mask,ok,False,False,False,False,
PanTS_00007228,1,orient_ambiguous,orient_ambiguous,False,False,False,False,
PanTS_00007242,1,orient_ambiguous,too_small,False,False,False,False,
PanTS_00007248,1,no_mask,ok,False,False,False,False,
PanTS_00007260,1,no_regions,loop_in_skeleton,False,False,False,False,
PanTS_00007262,0,orient_ambiguous,loop_in_skeleton,False,False,False,False,
PanTS_00007273,0,no_mask,no_mask,False,False,False,False,
PanTS_00007278,1,ok,orient_ambiguous,False,False,False,False,
PanTS_00007284,1,ok,ok,False,False,False,False,
PanTS_00007291,0,orient_ambiguous,loop_in_skeleton,False,False,False,False,
PanTS_00007298,1,no_mask,ok,False,False,False,False,
PanTS_00007299,1,ok,ok,False,False,False,False,
PanTS_00007308,1,ok,ok,True,False,True,False,
PanTS_00007309,1,ok,ok,True,False,True,False,
PanTS_00007315,1,ok,ok,False,False,False,False,
PanTS_00007319,1,orient_ambiguous,ok,False,False,False,False,
PanTS_00007322,0,too_small,orient_ambiguous,False,False,False,False,
PanTS_00007329,1,too_small,too_small,False,False,False,False,
PanTS_00007334,1,ok,ok,False,False,False,False,
PanTS_00007347,0,ok,ok,False,False,False,False,
PanTS_00007361,1,no_mask,no_mask,False,False,False,False,
PanTS_00007364,1,orient_ambiguous,ok,False,False,False,False,
PanTS_00007395,0,ok,ok,False,False,False,False,
PanTS_00007401,0,orient_ambiguous,ok,False,False,False,False,
PanTS_00007405,0,orient_ambiguous,orient_ambiguous,False,False,False,False,
PanTS_00007414,1,orient_ambiguous,ok,False,False,False,False,
PanTS_00007422,1,ok,ok,False,False,False,False,
PanTS_00007426,1,orient_ambiguous,ok,False,False,False,False,
PanTS_00007435,1,ok,ok,False,True,True,False,
PanTS_00007437,1,orient_ambiguous,loop_in_skeleton,False,False,False,False,
PanTS_00007451,1,no_mask,orient_ambiguous,False,False,False,False,
PanTS_00007463,1,ok,ok,False,False,False,False,
PanTS_00007468,1,orient_ambiguous,orient_ambiguous,False,False,False,False,
PanTS_00007472,1,too_small,ok,False,False,False,False,
PanTS_00007485,1,orient_ambiguous,ok,False,False,False,False,
PanTS_00007494,1,orient_ambiguous,ok,False,False,False,False,
PanTS_00007501,1,too_small,ok,False,False,False,False,
PanTS_00007508,0,no_mask,no_mask,False,False,False,False,
PanTS_00007514,0,orient_ambiguous,ok,False,False,False,False,
PanTS_00007516,1,orient_ambiguous,ok,False,True,True,False,
PanTS_00007525,1,ok,ok,False,False,False,False,
PanTS_00007532,1,too_small,orient_ambiguous,False,False,False,False,
PanTS_00007533,1,no_mask,ok,False,False,False,False,
PanTS_00007536,1,ok,ok,False,False,False,False,
PanTS_00007539,1,orient_ambiguous,orient_ambiguous,False,False,False,False,
PanTS_00007555,1,no_mask,ok,False,False,False,False,
PanTS_00007558,1,orient_ambiguous,ok,False,False,False,False,
PanTS_00007564,1,orient_ambiguous,ok,False,False,False,False,
PanTS_00007569,0,orient_ambiguous,ok,False,False,False,False,
PanTS_00007575,1,ok,ok,False,False,False,False,
PanTS_00007577,1,ok,ok,True,False,True,False,
PanTS_00007578,1,too_small,ok,False,False,False,False,
PanTS_00007583,1,ok,ok,False,False,False,False,
PanTS_00007588,1,ok,ok,False,False,False,False,
PanTS_00007594,1,ok,ok,False,False,False,False,
PanTS_00007602,1,orient_ambiguous,orient_ambiguous,False,False,False,False,
PanTS_00007608,0,too_small,ok,False,False,False,False,
PanTS_00007615,1,orient_ambiguous,ok,False,False,False,False,
PanTS_00007617,0,orient_ambiguous,orient_ambiguous,False,False,False,False,
PanTS_00007622,1,orient_ambiguous,ok,False,True,True,False,
PanTS_00007627,1,too_small,ok,False,False,False,False,
PanTS_00007630,1,orient_ambiguous,ok,False,False,False,False,
PanTS_00007636,1,no_mask,ok,False,False,False,False,
PanTS_00007641,1,ok,loop_in_skeleton,False,False,False,False,
PanTS_00007643,1,orient_ambiguous,orient_ambiguous,False,False,False,False,
PanTS_00007651,1,ok,ok,False,False,False,False,
PanTS_00007660,1,orient_ambiguous,ok,False,False,False,False,
PanTS_00007661,1,no_mask,ok,False,False,False,False,
PanTS_00007666,0,too_small,orient_ambiguous,False,False,False,False,
PanTS_00007668,1,orient_ambiguous,orient_ambiguous,False,False,False,False,
PanTS_00007679,0,no_mask,no_regions,False,False,False,False,
PanTS_00007690,1,ok,ok,True,False,True,False,
PanTS_00007691,1,too_small,orient_ambiguous,False,False,False,False,
PanTS_00007702,1,orient_ambiguous,ok,False,True,True,False,
PanTS_00007713,1,ok,ok,True,False,True,False,
PanTS_00007716,0,orient_ambiguous,ok,False,False,False,False,
PanTS_00007724,0,no_regions,no_regions,False,False,False,False,
PanTS_00007728,1,ok,orient_ambiguous,False,False,False,False,
PanTS_00007735,1,no_regions,no_mask,False,False,False,False,
PanTS_00007742,0,orient_ambiguous,ok,False,False,False,False,
PanTS_00007757,1,ok,ok,False,False,False,False,
PanTS_00007760,0,no_mask,no_mask,False,False,False,False,
PanTS_00007765,1,ok,ok,False,False,False,False,
PanTS_00007768,0,too_small,ok,False,False,False,False,
PanTS_00007779,1,ok,ok,False,False,False,False,
PanTS_00007786,1,ok,ok,False,False,False,False,
PanTS_00007792,1,orient_ambiguous,ok,False,False,False,False,
PanTS_00007802,1,ok,ok,False,True,True,False,
PanTS_00007831,1,no_mask,no_mask,False,False,False,False,
PanTS_00007846,1,ok,orient_ambiguous,False,False,False,False,
PanTS_00007851,1,ok,ok,False,False,False,False,
PanTS_00007858,1,ok,ok,False,False,False,False,
PanTS_00007862,1,no_mask,orient_ambiguous,False,False,False,False,
PanTS_00007863,1,no_mask,no_mask,False,False,False,False,
PanTS_00007868,1,too_small,ok,False,False,False,False,
PanTS_00007869,0,orient_ambiguous,orient_ambiguous,False,False,False,False,
PanTS_00007890,1,ok,ok,False,False,False,False,
PanTS_00007904,0,orient_ambiguous,ok,False,False,False,False,
PanTS_00007905,1,ok,ok,False,False,False,False,
PanTS_00007921,1,no_mask,ok,False,False,False,False,
PanTS_00007931,0,no_regions,no_regions,False,False,False,False,
PanTS_00007938,1,ok,ok,False,False,False,False,
PanTS_00007946,1,orient_ambiguous,orient_ambiguous,False,False,False,False,
PanTS_00007960,1,orient_ambiguous,ok,False,True,True,False,
PanTS_00007974,0,orient_ambiguous,no_mask,False,False,False,False,
PanTS_00007981,0,no_mask,no_regions,False,False,False,False,
PanTS_00007989,1,orient_ambiguous,ok,False,False,False,False,
PanTS_00007995,1,no_mask,ok,False,False,False,False,
PanTS_00007997,1,no_mask,ok,False,False,False,False,
PanTS_00008001,1,ok,ok,False,False,False,False,
PanTS_00008010,1,orient_ambiguous,ok,False,False,False,False,
PanTS_00008020,0,too_small,ok,False,False,False,False,
PanTS_00008024,0,no_regions,no_regions,False,False,False,False,
PanTS_00008045,1,too_small,ok,False,False,False,False,
PanTS_00008048,1,no_mask,no_mask,False,False,False,False,
PanTS_00008055,0,too_small,ok,False,False,False,False,
PanTS_00008059,1,too_small,ok,False,False,False,False,
PanTS_00008060,0,too_small,loop_in_skeleton,False,False,False,False,
PanTS_00008063,1,ok,ok,False,False,False,False,
PanTS_00008072,1,too_small,ok,False,False,False,False,
PanTS_00008073,1,orient_ambiguous,orient_ambiguous,False,False,False,False,
PanTS_00008086,1,ok,ok,False,True,True,False,
PanTS_00008090,0,orient_ambiguous,ok,False,False,False,False,
PanTS_00008091,1,ok,loop_in_skeleton,False,False,False,False,
PanTS_00008101,0,ok,ok,False,False,False,False,
PanTS_00008123,1,ok,ok,False,False,False,False,
PanTS_00008131,1,no_mask,orient_ambiguous,False,False,False,False,
PanTS_00008132,1,no_mask,ok,False,False,False,False,
PanTS_00008162,0,orient_ambiguous,ok,False,False,False,False,
PanTS_00008180,1,ok,ok,False,False,False,False,
PanTS_00008184,1,no_mask,no_mask,False,False,False,False,
PanTS_00008188,0,no_regions,no_regions,False,False,False,False,
PanTS_00008205,1,too_small,ok,False,False,False,False,
PanTS_00008217,0,orient_ambiguous,ok,False,False,False,False,
PanTS_00008231,1,ok,ok,False,False,False,False,
PanTS_00008234,1,orient_ambiguous,orient_ambiguous,False,False,False,False,
PanTS_00008238,1,orient_ambiguous,orient_ambiguous,False,False,False,False,
PanTS_00008239,0,ok,ok,False,False,False,False,
PanTS_00008242,1,no_regions,too_small,False,False,False,False,
PanTS_00008252,0,no_mask,ok,False,False,False,False,
PanTS_00008266,1,orient_ambiguous,ok,False,False,False,False,
PanTS_00008273,1,too_small,ok,False,False,False,False,
PanTS_00008292,1,ok,ok,False,False,False,False,
PanTS_00008298,1,ok,ok,False,False,False,False,
PanTS_00008301,1,orient_ambiguous,ok,False,False,False,False,
PanTS_00008302,1,ok,ok,False,False,False,False,
PanTS_00008303,1,ok,orient_ambiguous,False,False,False,False,
PanTS_00008314,0,no_mask,too_small,False,False,False,False,
PanTS_00008317,1,no_mask,ok,False,False,False,False,
PanTS_00008326,0,no_mask,no_mask,False,False,False,False,
PanTS_00008330,1,ok,ok,False,False,False,False,
PanTS_00008339,1,no_mask,too_small,False,False,False,False,
PanTS_00008354,1,ok,loop_in_skeleton,False,False,False,False,
PanTS_00008356,0,orient_ambiguous,ok,False,False,False,False,
PanTS_00008366,0,ok,ok,False,False,False,False,
PanTS_00008384,1,no_mask,orient_ambiguous,False,False,False,False,
PanTS_00008385,1,orient_ambiguous,ok,False,False,False,False,
PanTS_00008392,1,ok,ok,False,False,False,False,
PanTS_00008407,1,no_mask,ok,False,False,False,False,
PanTS_00008408,1,orient_ambiguous,ok,False,False,False,False,
PanTS_00008428,1,ok,ok,True,False,True,False,
PanTS_00008434,1,orient_ambiguous,ok,False,False,False,False,
PanTS_00008445,1,orient_ambiguous,orient_ambiguous,False,False,False,False,
PanTS_00008451,1,too_small,no_mask,False,False,False,False,
PanTS_00008472,0,orient_ambiguous,ok,False,False,False,False,
PanTS_00008473,1,orient_ambiguous,ok,False,False,False,False,
PanTS_00008475,1,no_mask,ok,False,False,False,False,
PanTS_00008476,1,ok,orient_ambiguous,False,False,False,False,
PanTS_00008480,1,too_small,orient_ambiguous,False,False,False,False,
PanTS_00008512,1,ok,ok,False,False,False,False,
PanTS_00008522,0,no_mask,no_mask,False,False,False,False,
PanTS_00008538,0,orient_ambiguous,ok,False,False,False,False,
PanTS_00008540,1,ok,loop_in_skeleton,False,False,False,False,
PanTS_00008546,1,loop_in_skeleton,ok,False,False,False,False,
PanTS_00008569,0,too_small,ok,False,False,False,False,
PanTS_00008574,1,orient_ambiguous,no_mask,False,False,False,False,
PanTS_00008577,1,too_small,ok,False,False,False,False,
PanTS_00008581,1,orient_ambiguous,ok,False,False,False,False,
PanTS_00008601,1,orient_ambiguous,orient_ambiguous,False,False,False,False,
PanTS_00008606,0,no_mask,ok,False,False,False,False,
PanTS_00008619,0,no_mask,no_mask,False,False,False,False,
PanTS_00008628,1,too_small,ok,False,False,False,False,
PanTS_00008633,1,orient_ambiguous,ok,False,False,False,False,
PanTS_00008636,1,orient_ambiguous,ok,False,False,False,False,
PanTS_00008640,0,orient_ambiguous,orient_ambiguous,False,False,False,False,
PanTS_00008646,1,too_small,ok,False,False,False,False,
PanTS_00008647,0,orient_ambiguous,ok,False,False,False,False,
PanTS_00008650,1,ok,ok,True,False,True,False,
PanTS_00008653,0,too_small,ok,False,False,False,False,
PanTS_00008658,1,no_mask,no_mask,False,False,False,False,
PanTS_00008662,1,ok,ok,False,False,False,False,
PanTS_00008673,1,ok,ok,False,False,False,False,
PanTS_00008691,1,too_small,ok,False,False,False,False,
PanTS_00008699,1,too_small,ok,False,False,False,False,
PanTS_00008701,1,ok,ok,False,False,False,False,
PanTS_00008711,1,ok,ok,False,False,False,False,
PanTS_00008721,1,ok,loop_in_skeleton,False,False,False,False,
PanTS_00008722,1,no_mask,orient_ambiguous,False,False,False,False,
PanTS_00008724,1,orient_ambiguous,orient_ambiguous,False,False,False,False,
PanTS_00008726,1,orient_ambiguous,orient_ambiguous,False,False,False,False,
PanTS_00008727,1,ok,ok,False,False,False,False,
PanTS_00008737,0,ok,ok,False,False,False,False,
PanTS_00008743,1,ok,ok,False,False,False,False,
PanTS_00008763,1,ok,ok,False,False,False,False,
PanTS_00008769,1,too_small,ok,False,False,False,False,
PanTS_00008773,0,orient_ambiguous,ok,False,False,False,False,
PanTS_00008778,0,orient_ambiguous,orient_ambiguous,False,False,False,False,
PanTS_00008785,0,no_mask,no_regions,False,False,False,False,
PanTS_00008789,1,orient_ambiguous,ok,False,False,False,False,
PanTS_00008802,0,no_mask,ok,False,False,False,False,
PanTS_00008811,1,ok,ok,False,False,False,False,
PanTS_00008812,0,orient_ambiguous,ok,False,False,False,False,
PanTS_00008818,1,no_regions,no_regions,False,False,False,False,
PanTS_00008837,1,no_mask,no_mask,False,False,False,False,
PanTS_00008838,0,no_mask,ok,False,False,False,False,
PanTS_00008839,1,too_small,ok,False,False,False,False,
PanTS_00008854,1,orient_ambiguous,ok,False,False,False,False,
PanTS_00008859,0,orient_ambiguous,orient_ambiguous,False,False,False,False,
PanTS_00008860,0,ok,ok,False,False,False,False,
PanTS_00008861,0,too_small,ok,False,False,False,False,
PanTS_00008868,0,no_mask,orient_ambiguous,False,False,False,False,
PanTS_00008885,1,too_small,ok,False,False,False,False,
PanTS_00008892,1,orient_ambiguous,ok,False,False,False,False,
PanTS_00008913,1,ok,ok,False,False,False,False,
PanTS_00008922,1,too_small,orient_ambiguous,False,False,False,False,
PanTS_00008926,0,no_mask,no_mask,False,False,False,False,
PanTS_00008931,1,ok,ok,False,False,False,False,
PanTS_00008942,1,ok,ok,False,False,False,False,
PanTS_00008954,1,ok,ok,False,False,False,False,
PanTS_00008973,0,orient_ambiguous,ok,False,False,False,False,
PanTS_00008974,1,loop_in_skeleton,ok,False,True,True,False,
PanTS_00008989,1,ok,ok,False,False,False,False,
PanTS_00008994,1,ok,ok,False,False,False,False,
PanTS_00008995,0,orient_ambiguous,ok,False,False,False,False,
PanTS_00008999,1,ok,ok,False,False,False,False,
PanTS_00009001,1,orient_ambiguous,ok,False,False,False,False,
PanTS_00009002,0,ok,ok,False,False,False,False,
PanTS_00009005,1,ok,ok,False,False,False,False,
PanTS_00009008,1,orient_ambiguous,ok,False,False,False,False,
PanTS_00009009,1,ok,orient_ambiguous,True,False,True,False,
PanTS_00009020,1,ok,ok,False,False,False,False,
PanTS_00009023,0,orient_ambiguous,orient_ambiguous,False,False,False,False,
PanTS_00009025,0,no_mask,no_mask,False,False,False,False,
PanTS_00009037,1,orient_ambiguous,ok,False,False,False,False,
PanTS_00009041,1,ok,loop_in_skeleton,False,False,False,False,
PanTS_00009056,1,ok,ok,False,False,False,False,
PanTS_00009059,0,no_mask,ok,False,False,False,False,
PanTS_00009061,1,ok,ok,False,False,False,False,
PanTS_00009065,0,orient_ambiguous,ok,False,False,False,False,
PanTS_00009067,1,ok,ok,False,False,False,False,
PanTS_00009075,1,orient_ambiguous,ok,False,False,False,False,
PanTS_00009079,1,ok,ok,False,False,False,False,
PanTS_00009084,1,orient_ambiguous,ok,False,False,False,False,
PanTS_00009087,1,orient_ambiguous,ok,False,False,False,False,
PanTS_00009095,0,orient_ambiguous,ok,False,False,False,False,
PanTS_00009097,1,orient_ambiguous,ok,False,False,False,False,
PanTS_00009121,1,ok,orient_ambiguous,False,False,False,False,
PanTS_00009127,1,orient_ambiguous,ok,False,False,False,False,
PanTS_00009130,0,ok,ok,False,False,False,False,
PanTS_00009135,1,ok,orient_ambiguous,True,False,True,False,
PanTS_00009138,0,no_mask,ok,False,False,False,False,
PanTS_00009139,0,too_small,orient_ambiguous,False,False,False,False,
PanTS_00009143,1,orient_ambiguous,ok,False,False,False,False,
PanTS_00009147,0,no_mask,no_regions,False,False,False,False,
PanTS_00009151,1,ok,ok,False,False,False,False,
PanTS_00009152,1,ok,ok,False,False,False,False,
PanTS_00009157,1,orient_ambiguous,ok,False,False,False,False,
PanTS_00009158,1,ok,ok,False,False,False,False,
PanTS_00009159,0,orient_ambiguous,loop_in_skeleton,False,False,False,False,
PanTS_00009161,1,orient_ambiguous,ok,False,False,False,False,
PanTS_00009163,0,too_small,ok,False,False,False,False,
PanTS_00009168,1,orient_ambiguous,loop_in_skeleton,False,False,False,False,
PanTS_00009174,1,ok,ok,False,False,False,False,
PanTS_00009180,1,too_small,too_small,False,False,False,False,
PanTS_00009181,1,orient_ambiguous,ok,False,False,False,False,
PanTS_00009182,1,ok,ok,False,False,False,False,
PanTS_00009188,1,orient_ambiguous,ok,False,False,False,False,
PanTS_00009191,1,orient_ambiguous,ok,False,False,False,False,
PanTS_00009199,1,orient_ambiguous,ok,False,False,False,False,
PanTS_00009222,1,ok,ok,False,False,False,False,
PanTS_00009227,1,orient_ambiguous,loop_in_skeleton,False,False,False,False,
PanTS_00009237,1,ok,ok,False,False,False,False,
PanTS_00009254,0,ok,ok,False,False,False,False,
PanTS_00009258,1,ok,ok,False,False,False,False,
PanTS_00009259,1,orient_ambiguous,ok,False,False,False,False,
PanTS_00009262,0,no_mask,ok,False,False,False,False,
PanTS_00009265,1,ok,ok,False,True,True,False,
PanTS_00009281,1,ok,orient_ambiguous,False,False,False,False,
PanTS_00009286,1,ok,ok,False,False,False,False,
PanTS_00009287,1,no_mask,ok,False,False,False,False,
PanTS_00009290,1,ok,ok,False,False,False,False,
PanTS_00009292,1,ok,ok,False,False,False,False,
PanTS_00009301,1,too_small,orient_ambiguous,False,False,False,False,
PanTS_00009304,1,ok,loop_in_skeleton,False,False,False,False,
PanTS_00009306,0,no_regions,no_regions,False,False,False,False,
PanTS_00009308,1,orient_ambiguous,ok,False,False,False,False,
PanTS_00009313,1,orient_ambiguous,ok,False,False,False,False,
PanTS_00009317,1,ok,ok,False,False,False,False,
PanTS_00009319,1,ok,ok,False,False,False,False,
PanTS_00009321,1,orient_ambiguous,ok,False,False,False,False,
PanTS_00009322,0,orient_ambiguous,ok,False,False,False,False,
PanTS_00009325,1,orient_ambiguous,ok,False,False,False,False,
PanTS_00009329,1,ok,ok,False,False,False,False,
PanTS_00009331,0,ok,ok,False,False,False,False,
PanTS_00009338,1,orient_ambiguous,ok,False,False,False,False,
PanTS_00009341,1,ok,ok,False,False,False,False,
PanTS_00009342,1,ok,ok,False,False,False,False,
PanTS_00009347,1,ok,ok,False,False,False,False,
PanTS_00009366,1,ok,ok,False,False,False,False,
PanTS_00009367,1,orient_ambiguous,ok,False,False,False,False,
PanTS_00009371,1,ok,ok,True,False,True,False,
PanTS_00009373,1,orient_ambiguous,ok,False,False,False,False,
PanTS_00009375,1,ok,ok,False,False,False,False,
PanTS_00009378,0,no_mask,orient_ambiguous,False,False,False,False,
PanTS_00009380,0,too_small,ok,False,False,False,False,
PanTS_00009382,1,orient_ambiguous,orient_ambiguous,False,False,False,False,
PanTS_00009383,1,orient_ambiguous,loop_in_skeleton,False,False,False,False,
PanTS_00009385,1,ok,ok,False,False,False,False,
PanTS_00009386,1,ok,ok,False,True,True,False,
PanTS_00009403,0,orient_ambiguous,orient_ambiguous,False,False,False,False,
PanTS_00009407,1,ok,ok,False,False,False,False,
PanTS_00009408,1,too_small,ok,False,False,False,False,
PanTS_00009410,0,orient_ambiguous,orient_ambiguous,False,False,False,False,
PanTS_00009421,1,ok,ok,False,False,False,False,
PanTS_00009423,1,ok,ok,False,False,False,False,
PanTS_00009435,1,ok,ok,True,False,True,False,
PanTS_00009442,0,orient_ambiguous,ok,False,False,False,False,
PanTS_00009445,1,ok,ok,False,False,False,False,
PanTS_00009448,0,orient_ambiguous,ok,False,False,False,False,
PanTS_00009449,1,ok,ok,True,False,True,False,
PanTS_00009457,1,ok,ok,False,False,False,False,
PanTS_00009459,1,loop_in_skeleton,ok,False,False,False,False,
PanTS_00009460,1,orient_ambiguous,orient_ambiguous,False,False,False,False,
PanTS_00009464,1,orient_ambiguous,orient_ambiguous,False,False,False,False,
PanTS_00009470,1,orient_ambiguous,ok,False,False,False,False,
PanTS_00009472,0,too_small,no_mask,False,False,False,False,
PanTS_00009473,1,too_small,ok,False,False,False,False,
PanTS_00009478,1,ok,ok,False,False,False,False,
PanTS_00009483,1,orient_ambiguous,orient_ambiguous,False,False,False,False,
PanTS_00009495,1,ok,orient_ambiguous,False,False,False,False,
PanTS_00009496,0,ok,orient_ambiguous,False,False,False,False,
PanTS_00009504,1,ok,ok,False,False,False,False,
PanTS_00009506,1,no_mask,orient_ambiguous,False,False,False,False,
PanTS_00009510,1,ok,ok,True,False,True,False,
PanTS_00009517,1,ok,ok,False,False,False,False,
PanTS_00009518,1,ok,ok,False,False,False,False,
PanTS_00009520,1,no_mask,no_mask,False,False,False,False,
PanTS_00009523,1,orient_ambiguous,ok,False,False,False,False,
PanTS_00009528,1,too_small,loop_in_skeleton,False,False,False,False,
PanTS_00009534,1,ok,loop_in_skeleton,False,False,False,False,
PanTS_00009544,1,ok,orient_ambiguous,False,False,False,False,
PanTS_00009545,1,orient_ambiguous,ok,False,False,False,False,
PanTS_00009551,1,ok,ok,False,False,False,False,
PanTS_00009562,1,no_mask,ok,False,False,False,False,
PanTS_00009563,0,orient_ambiguous,orient_ambiguous,False,False,False,False,
PanTS_00009567,1,too_small,ok,False,False,False,False,
PanTS_00009569,1,ok,ok,False,False,False,False,
PanTS_00009578,1,ok,ok,False,False,False,False,
PanTS_00009584,1,orient_ambiguous,ok,False,False,False,False,
PanTS_00009604,0,ok,ok,False,False,False,False,
PanTS_00009608,1,ok,ok,False,False,False,False,
PanTS_00009612,1,ok,ok,True,False,True,False,
PanTS_00009613,1,ok,ok,False,True,True,False,
PanTS_00009620,1,no_mask,orient_ambiguous,False,False,False,False,
PanTS_00009635,1,ok,ok,False,False,False,False,
PanTS_00009637,0,no_mask,ok,False,False,False,False,
PanTS_00009640,1,ok,ok,False,False,False,False,
PanTS_00009641,1,ok,ok,False,False,False,False,
PanTS_00009649,1,no_mask,ok,False,False,False,False,
PanTS_00009652,1,ok,ok,False,False,False,False,
PanTS_00009659,1,orient_ambiguous,ok,False,False,False,False,
PanTS_00009666,1,too_small,ok,False,False,False,False,
PanTS_00009687,1,orient_ambiguous,loop_in_skeleton,False,False,False,False,
PanTS_00009688,0,too_small,too_small,False,False,False,False,
PanTS_00009697,0,no_mask,no_mask,False,False,False,False,
PanTS_00009706,0,orient_ambiguous,orient_ambiguous,False,False,False,False,
PanTS_00009722,0,ok,ok,False,False,False,False,
PanTS_00009726,1,orient_ambiguous,ok,False,False,False,False,
PanTS_00009731,1,ok,ok,False,False,False,False,
PanTS_00009737,0,too_small,ok,False,False,False,False,
PanTS_00009739,1,orient_ambiguous,orient_ambiguous,False,False,False,False,
PanTS_00009750,0,orient_ambiguous,loop_in_skeleton,False,False,False,False,
PanTS_00009752,1,ok,ok,True,False,True,False,
PanTS_00009760,1,ok,ok,False,False,False,False,
PanTS_00009765,1,ok,ok,False,False,False,False,
PanTS_00009766,1,ok,ok,False,False,False,False,
PanTS_00009768,1,ok,orient_ambiguous,True,False,True,False,
PanTS_00009769,1,ok,loop_in_skeleton,False,False,False,False,
PanTS_00009776,0,ok,ok,False,False,False,False,
PanTS_00009781,1,ok,loop_in_skeleton,False,False,False,False,
PanTS_00009784,1,ok,orient_ambiguous,False,False,False,False,
PanTS_00009787,1,no_mask,ok,False,False,False,False,
PanTS_00009788,1,no_mask,orient_ambiguous,False,False,False,False,
PanTS_00009790,1,orient_ambiguous,ok,False,False,False,False,
PanTS_00009796,0,too_small,orient_ambiguous,False,False,False,False,
PanTS_00009797,1,ok,ok,False,False,False,False,
PanTS_00009821,1,ok,ok,False,False,False,False,
PanTS_00009826,1,ok,orient_ambiguous,True,False,True,False,
PanTS_00009829,0,no_mask,orient_ambiguous,False,False,False,False,
PanTS_00009832,1,ok,ok,False,False,False,False,
PanTS_00009838,1,orient_ambiguous,ok,False,False,False,False,
PanTS_00009850,0,no_mask,no_mask,False,False,False,False,
PanTS_00009854,0,no_mask,ok,False,False,False,False,
PanTS_00009857,0,no_mask,ok,False,False,False,False,
PanTS_00009862,1,ok,ok,True,False,True,False,
PanTS_00009867,0,orient_ambiguous,ok,False,False,False,False,
PanTS_00009868,1,orient_ambiguous,ok,False,False,False,False,
PanTS_00009876,0,no_mask,ok,False,False,False,False,
PanTS_00009881,0,ok,ok,False,False,False,False,
PanTS_00009882,1,too_small,ok,False,False,False,False,
PanTS_00009887,1,ok,ok,False,False,False,False,
PanTS_00009888,0,orient_ambiguous,ok,False,False,False,False,
PanTS_00009889,0,orient_ambiguous,ok,False,False,False,False,
PanTS_00009891,0,ok,orient_ambiguous,False,False,False,False,
PanTS_00009892,1,ok,ok,False,False,False,False,
PanTS_00009894,1,orient_ambiguous,ok,False,False,False,False,
PanTS_00009896,1,ok,ok,False,False,False,False,
PanTS_00009897,1,ok,ok,False,False,False,False,
PanTS_00009901,1,no_mask,ok,False,False,False,False,
