t,hit_rule,lesion_set,size_bin,n_lesions,n_hit,sensitivity,n_components,n_fp_components,fp_per_case_all,fp_per_case_neg,n_cases_all,n_cases_neg
0.9,peak_in_dil2mm,all,all,1235,511,0.413765,2300,1769,1.35245,1.52294,1308,327
0.9,peak_in_dil2mm,all,<5,49,0,0,2300,1769,1.35245,1.52294,1308,327
0.9,peak_in_dil2mm,all,5-10,37,0,0,2300,1769,1.35245,1.52294,1308,327
0.9,peak_in_dil2mm,all,10-20,275,33,0.12,2300,1769,1.35245,1.52294,1308,327
0.9,peak_in_dil2mm,all,20-40,597,274,0.458961,2300,1769,1.35245,1.52294,1308,327
0.9,peak_in_dil2mm,all,>=40,277,204,0.736462,2300,1769,1.35245,1.52294,1308,327
0.9,peak_in_dil2mm,excl_separated,all,1165,506,0.434335,2300,1769,1.35245,1.52294,1308,327
0.9,peak_in_dil2mm,excl_separated,<5,46,0,0,2300,1769,1.35245,1.52294,1308,327
0.9,peak_in_dil2mm,excl_separated,5-10,35,0,0,2300,1769,1.35245,1.52294,1308,327
0.9,peak_in_dil2mm,excl_separated,10-20,249,32,0.128514,2300,1769,1.35245,1.52294,1308,327
0.9,peak_in_dil2mm,excl_separated,20-40,568,271,0.477113,2300,1769,1.35245,1.52294,1308,327
0.9,peak_in_dil2mm,excl_separated,>=40,267,203,0.7603,2300,1769,1.35245,1.52294,1308,327
0.9,touch,all,all,1235,596,0.482591,2300,1685,1.28823,1.52294,1308,327
0.9,touch,all,<5,49,1,0.0204082,2300,1685,1.28823,1.52294,1308,327
0.9,touch,all,5-10,37,0,0,2300,1685,1.28823,1.52294,1308,327
0.9,touch,all,10-20,275,49,0.178182,2300,1685,1.28823,1.52294,1308,327
0.9,touch,all,20-40,597,327,0.547739,2300,1685,1.28823,1.52294,1308,327
0.9,touch,all,>=40,277,219,0.790614,2300,1685,1.28823,1.52294,1308,327
0.9,touch,excl_separated,all,1165,582,0.499571,2300,1685,1.28823,1.52294,1308,327
0.9,touch,excl_separated,<5,46,1,0.0217391,2300,1685,1.28823,1.52294,1308,327
0.9,touch,excl_separated,5-10,35,0,0,2300,1685,1.28823,1.52294,1308,327
0.9,touch,excl_separated,10-20,249,46,0.184739,2300,1685,1.28823,1.52294,1308,327
0.9,touch,excl_separated,20-40,568,319,0.56162,2300,1685,1.28823,1.52294,1308,327
0.9,touch,excl_separated,>=40,267,216,0.808989,2300,1685,1.28823,1.52294,1308,327
0.7,peak_in_dil2mm,all,all,1235,535,0.433198,2686,2135,1.63226,1.89297,1308,327
0.7,peak_in_dil2mm,all,<5,49,0,0,2686,2135,1.63226,1.89297,1308,327
0.7,peak_in_dil2mm,all,5-10,37,0,0,2686,2135,1.63226,1.89297,1308,327
0.7,peak_in_dil2mm,all,10-20,275,39,0.141818,2686,2135,1.63226,1.89297,1308,327
0.7,peak_in_dil2mm,all,20-40,597,286,0.479062,2686,2135,1.63226,1.89297,1308,327
0.7,peak_in_dil2mm,all,>=40,277,210,0.758123,2686,2135,1.63226,1.89297,1308,327
0.7,peak_in_dil2mm,excl_separated,all,1165,529,0.454077,2686,2135,1.63226,1.89297,1308,327
0.7,peak_in_dil2mm,excl_separated,<5,46,0,0,2686,2135,1.63226,1.89297,1308,327
0.7,peak_in_dil2mm,excl_separated,5-10,35,0,0,2686,2135,1.63226,1.89297,1308,327
0.7,peak_in_dil2mm,excl_separated,10-20,249,37,0.148594,2686,2135,1.63226,1.89297,1308,327
0.7,peak_in_dil2mm,excl_separated,20-40,568,283,0.498239,2686,2135,1.63226,1.89297,1308,327
0.7,peak_in_dil2mm,excl_separated,>=40,267,209,0.782772,2686,2135,1.63226,1.89297,1308,327
0.7,touch,all,all,1235,637,0.515789,2686,2035,1.55581,1.89297,1308,327
0.7,touch,all,<5,49,1,0.0204082,2686,2035,1.55581,1.89297,1308,327
0.7,touch,all,5-10,37,0,0,2686,2035,1.55581,1.89297,1308,327
0.7,touch,all,10-20,275,64,0.232727,2686,2035,1.55581,1.89297,1308,327
0.7,touch,all,20-40,597,346,0.579564,2686,2035,1.55581,1.89297,1308,327
0.7,touch,all,>=40,277,226,0.815884,2686,2035,1.55581,1.89297,1308,327
0.7,touch,excl_separated,all,1165,620,0.532189,2686,2035,1.55581,1.89297,1308,327
0.7,touch,excl_separated,<5,46,1,0.0217391,2686,2035,1.55581,1.89297,1308,327
0.7,touch,excl_separated,5-10,35,0,0,2686,2035,1.55581,1.89297,1308,327
0.7,touch,excl_separated,10-20,249,58,0.232932,2686,2035,1.55581,1.89297,1308,327
0.7,touch,excl_separated,20-40,568,338,0.59507,2686,2035,1.55581,1.89297,1308,327
0.7,touch,excl_separated,>=40,267,223,0.835206,2686,2035,1.55581,1.89297,1308,327
0.5,peak_in_dil2mm,all,all,1235,549,0.444534,2921,2355,1.80046,2.06422,1308,327
0.5,peak_in_dil2mm,all,<5,49,0,0,2921,2355,1.80046,2.06422,1308,327
0.5,peak_in_dil2mm,all,5-10,37,0,0,2921,2355,1.80046,2.06422,1308,327
0.5,peak_in_dil2mm,all,10-20,275,43,0.156364,2921,2355,1.80046,2.06422,1308,327
0.5,peak_in_dil2mm,all,20-40,597,292,0.489112,2921,2355,1.80046,2.06422,1308,327
0.5,peak_in_dil2mm,all,>=40,277,214,0.772563,2921,2355,1.80046,2.06422,1308,327
0.5,peak_in_dil2mm,excl_separated,all,1165,543,0.466094,2921,2355,1.80046,2.06422,1308,327
0.5,peak_in_dil2mm,excl_separated,<5,46,0,0,2921,2355,1.80046,2.06422,1308,327
0.5,peak_in_dil2mm,excl_separated,5-10,35,0,0,2921,2355,1.80046,2.06422,1308,327
0.5,peak_in_dil2mm,excl_separated,10-20,249,41,0.164659,2921,2355,1.80046,2.06422,1308,327
0.5,peak_in_dil2mm,excl_separated,20-40,568,289,0.508803,2921,2355,1.80046,2.06422,1308,327
0.5,peak_in_dil2mm,excl_separated,>=40,267,213,0.797753,2921,2355,1.80046,2.06422,1308,327
0.5,touch,all,all,1235,659,0.533603,2921,2246,1.71713,2.06422,1308,327
0.5,touch,all,<5,49,1,0.0204082,2921,2246,1.71713,2.06422,1308,327
0.5,touch,all,5-10,37,0,0,2921,2246,1.71713,2.06422,1308,327
0.5,touch,all,10-20,275,71,0.258182,2921,2246,1.71713,2.06422,1308,327
0.5,touch,all,20-40,597,357,0.59799,2921,2246,1.71713,2.06422,1308,327
0.5,touch,all,>=40,277,230,0.830325,2921,2246,1.71713,2.06422,1308,327
0.5,touch,excl_separated,all,1165,642,0.551073,2921,2246,1.71713,2.06422,1308,327
0.5,touch,excl_separated,<5,46,1,0.0217391,2921,2246,1.71713,2.06422,1308,327
0.5,touch,excl_separated,5-10,35,0,0,2921,2246,1.71713,2.06422,1308,327
0.5,touch,excl_separated,10-20,249,65,0.261044,2921,2246,1.71713,2.06422,1308,327
0.5,touch,excl_separated,20-40,568,349,0.614437,2921,2246,1.71713,2.06422,1308,327
0.5,touch,excl_separated,>=40,267,227,0.850187,2921,2246,1.71713,2.06422,1308,327
0.3,peak_in_dil2mm,all,all,1235,565,0.45749,3195,2612,1.99694,2.25688,1308,327
0.3,peak_in_dil2mm,all,<5,49,0,0,3195,2612,1.99694,2.25688,1308,327
0.3,peak_in_dil2mm,all,5-10,37,1,0.027027,3195,2612,1.99694,2.25688,1308,327
0.3,peak_in_dil2mm,all,10-20,275,46,0.167273,3195,2612,1.99694,2.25688,1308,327
0.3,peak_in_dil2mm,all,20-40,597,299,0.500838,3195,2612,1.99694,2.25688,1308,327
0.3,peak_in_dil2mm,all,>=40,277,219,0.790614,3195,2612,1.99694,2.25688,1308,327
0.3,peak_in_dil2mm,excl_separated,all,1165,559,0.479828,3195,2612,1.99694,2.25688,1308,327
0.3,peak_in_dil2mm,excl_separated,<5,46,0,0,3195,2612,1.99694,2.25688,1308,327
0.3,peak_in_dil2mm,excl_separated,5-10,35,1,0.0285714,3195,2612,1.99694,2.25688,1308,327
0.3,peak_in_dil2mm,excl_separated,10-20,249,44,0.176707,3195,2612,1.99694,2.25688,1308,327
0.3,peak_in_dil2mm,excl_separated,20-40,568,296,0.521127,3195,2612,1.99694,2.25688,1308,327
0.3,peak_in_dil2mm,excl_separated,>=40,267,218,0.816479,3195,2612,1.99694,2.25688,1308,327
0.3,touch,all,all,1235,681,0.551417,3195,2496,1.90826,2.25688,1308,327
0.3,touch,all,<5,49,1,0.0204082,3195,2496,1.90826,2.25688,1308,327
0.3,touch,all,5-10,37,1,0.027027,3195,2496,1.90826,2.25688,1308,327
0.3,touch,all,10-20,275,76,0.276364,3195,2496,1.90826,2.25688,1308,327
0.3,touch,all,20-40,597,368,0.616415,3195,2496,1.90826,2.25688,1308,327
0.3,touch,all,>=40,277,235,0.848375,3195,2496,1.90826,2.25688,1308,327
0.3,touch,excl_separated,all,1165,664,0.569957,3195,2496,1.90826,2.25688,1308,327
0.3,touch,excl_separated,<5,46,1,0.0217391,3195,2496,1.90826,2.25688,1308,327
0.3,touch,excl_separated,5-10,35,1,0.0285714,3195,2496,1.90826,2.25688,1308,327
0.3,touch,excl_separated,10-20,249,70,0.281124,3195,2496,1.90826,2.25688,1308,327
0.3,touch,excl_separated,20-40,568,360,0.633803,3195,2496,1.90826,2.25688,1308,327
0.3,touch,excl_separated,>=40,267,232,0.868914,3195,2496,1.90826,2.25688,1308,327
0.1,peak_in_dil2mm,all,all,1235,580,0.469636,3594,2994,2.28899,2.55352,1308,327
0.1,peak_in_dil2mm,all,<5,49,0,0,3594,2994,2.28899,2.55352,1308,327
0.1,peak_in_dil2mm,all,5-10,37,1,0.027027,3594,2994,2.28899,2.55352,1308,327
0.1,peak_in_dil2mm,all,10-20,275,49,0.178182,3594,2994,2.28899,2.55352,1308,327
0.1,peak_in_dil2mm,all,20-40,597,311,0.520938,3594,2994,2.28899,2.55352,1308,327
0.1,peak_in_dil2mm,all,>=40,277,219,0.790614,3594,2994,2.28899,2.55352,1308,327
0.1,peak_in_dil2mm,excl_separated,all,1165,574,0.492704,3594,2994,2.28899,2.55352,1308,327
0.1,peak_in_dil2mm,excl_separated,<5,46,0,0,3594,2994,2.28899,2.55352,1308,327
0.1,peak_in_dil2mm,excl_separated,5-10,35,1,0.0285714,3594,2994,2.28899,2.55352,1308,327
0.1,peak_in_dil2mm,excl_separated,10-20,249,46,0.184739,3594,2994,2.28899,2.55352,1308,327
0.1,peak_in_dil2mm,excl_separated,20-40,568,309,0.544014,3594,2994,2.28899,2.55352,1308,327
0.1,peak_in_dil2mm,excl_separated,>=40,267,218,0.816479,3594,2994,2.28899,2.55352,1308,327
0.1,touch,all,all,1235,709,0.574089,3594,2865,2.19037,2.55352,1308,327
0.1,touch,all,<5,49,2,0.0408163,3594,2865,2.19037,2.55352,1308,327
0.1,touch,all,5-10,37,2,0.0540541,3594,2865,2.19037,2.55352,1308,327
0.1,touch,all,10-20,275,85,0.309091,3594,2865,2.19037,2.55352,1308,327
0.1,touch,all,20-40,597,384,0.643216,3594,2865,2.19037,2.55352,1308,327
0.1,touch,all,>=40,277,236,0.851986,3594,2865,2.19037,2.55352,1308,327
0.1,touch,excl_separated,all,1165,690,0.592275,3594,2865,2.19037,2.55352,1308,327
0.1,touch,excl_separated,<5,46,2,0.0434783,3594,2865,2.19037,2.55352,1308,327
0.1,touch,excl_separated,5-10,35,2,0.0571429,3594,2865,2.19037,2.55352,1308,327
0.1,touch,excl_separated,10-20,249,78,0.313253,3594,2865,2.19037,2.55352,1308,327
0.1,touch,excl_separated,20-40,568,375,0.660211,3594,2865,2.19037,2.55352,1308,327
0.1,touch,excl_separated,>=40,267,233,0.872659,3594,2865,2.19037,2.55352,1308,327
0.03,peak_in_dil2mm,all,all,1235,596,0.482591,4088,3481,2.66131,2.91743,1308,327
0.03,peak_in_dil2mm,all,<5,49,0,0,4088,3481,2.66131,2.91743,1308,327
0.03,peak_in_dil2mm,all,5-10,37,1,0.027027,4088,3481,2.66131,2.91743,1308,327
0.03,peak_in_dil2mm,all,10-20,275,52,0.189091,4088,3481,2.66131,2.91743,1308,327
0.03,peak_in_dil2mm,all,20-40,597,321,0.537688,4088,3481,2.66131,2.91743,1308,327
0.03,peak_in_dil2mm,all,>=40,277,222,0.801444,4088,3481,2.66131,2.91743,1308,327
0.03,peak_in_dil2mm,excl_separated,all,1165,589,0.505579,4088,3481,2.66131,2.91743,1308,327
0.03,peak_in_dil2mm,excl_separated,<5,46,0,0,4088,3481,2.66131,2.91743,1308,327
0.03,peak_in_dil2mm,excl_separated,5-10,35,1,0.0285714,4088,3481,2.66131,2.91743,1308,327
0.03,peak_in_dil2mm,excl_separated,10-20,249,49,0.196787,4088,3481,2.66131,2.91743,1308,327
0.03,peak_in_dil2mm,excl_separated,20-40,568,319,0.56162,4088,3481,2.66131,2.91743,1308,327
0.03,peak_in_dil2mm,excl_separated,>=40,267,220,0.82397,4088,3481,2.66131,2.91743,1308,327
0.03,touch,all,all,1235,736,0.595951,4088,3337,2.55122,2.91743,1308,327
0.03,touch,all,<5,49,2,0.0408163,4088,3337,2.55122,2.91743,1308,327
0.03,touch,all,5-10,37,3,0.0810811,4088,3337,2.55122,2.91743,1308,327
0.03,touch,all,10-20,275,92,0.334545,4088,3337,2.55122,2.91743,1308,327
0.03,touch,all,20-40,597,398,0.666667,4088,3337,2.55122,2.91743,1308,327
0.03,touch,all,>=40,277,241,0.870036,4088,3337,2.55122,2.91743,1308,327
0.03,touch,excl_separated,all,1165,715,0.613734,4088,3337,2.55122,2.91743,1308,327
0.03,touch,excl_separated,<5,46,2,0.0434783,4088,3337,2.55122,2.91743,1308,327
0.03,touch,excl_separated,5-10,35,3,0.0857143,4088,3337,2.55122,2.91743,1308,327
0.03,touch,excl_separated,10-20,249,85,0.341365,4088,3337,2.55122,2.91743,1308,327
0.03,touch,excl_separated,20-40,568,388,0.683099,4088,3337,2.55122,2.91743,1308,327
0.03,touch,excl_separated,>=40,267,237,0.88764,4088,3337,2.55122,2.91743,1308,327
0.01,peak_in_dil2mm,all,all,1235,615,0.497976,4631,3994,3.05352,3.33945,1308,327
0.01,peak_in_dil2mm,all,<5,49,0,0,4631,3994,3.05352,3.33945,1308,327
0.01,peak_in_dil2mm,all,5-10,37,2,0.0540541,4631,3994,3.05352,3.33945,1308,327
0.01,peak_in_dil2mm,all,10-20,275,58,0.210909,4631,3994,3.05352,3.33945,1308,327
0.01,peak_in_dil2mm,all,20-40,597,331,0.554439,4631,3994,3.05352,3.33945,1308,327
0.01,peak_in_dil2mm,all,>=40,277,224,0.808664,4631,3994,3.05352,3.33945,1308,327
0.01,peak_in_dil2mm,excl_separated,all,1165,608,0.521888,4631,3994,3.05352,3.33945,1308,327
0.01,peak_in_dil2mm,excl_separated,<5,46,0,0,4631,3994,3.05352,3.33945,1308,327
0.01,peak_in_dil2mm,excl_separated,5-10,35,2,0.0571429,4631,3994,3.05352,3.33945,1308,327
0.01,peak_in_dil2mm,excl_separated,10-20,249,55,0.220884,4631,3994,3.05352,3.33945,1308,327
0.01,peak_in_dil2mm,excl_separated,20-40,568,329,0.579225,4631,3994,3.05352,3.33945,1308,327
0.01,peak_in_dil2mm,excl_separated,>=40,267,222,0.831461,4631,3994,3.05352,3.33945,1308,327
0.01,touch,all,all,1235,776,0.62834,4631,3840,2.93578,3.33945,1308,327
0.01,touch,all,<5,49,2,0.0408163,4631,3840,2.93578,3.33945,1308,327
0.01,touch,all,5-10,37,5,0.135135,4631,3840,2.93578,3.33945,1308,327
0.01,touch,all,10-20,275,104,0.378182,4631,3840,2.93578,3.33945,1308,327
0.01,touch,all,20-40,597,418,0.700168,4631,3840,2.93578,3.33945,1308,327
0.01,touch,all,>=40,277,247,0.891697,4631,3840,2.93578,3.33945,1308,327
0.01,touch,excl_separated,all,1165,754,0.64721,4631,3840,2.93578,3.33945,1308,327
0.01,touch,excl_separated,<5,46,2,0.0434783,4631,3840,2.93578,3.33945,1308,327
0.01,touch,excl_separated,5-10,35,4,0.114286,4631,3840,2.93578,3.33945,1308,327
0.01,touch,excl_separated,10-20,249,97,0.389558,4631,3840,2.93578,3.33945,1308,327
0.01,touch,excl_separated,20-40,568,408,0.71831,4631,3840,2.93578,3.33945,1308,327
0.01,touch,excl_separated,>=40,267,243,0.910112,4631,3840,2.93578,3.33945,1308,327
0.003,peak_in_dil2mm,all,all,1235,632,0.511741,5501,4844,3.70336,4.07645,1308,327
0.003,peak_in_dil2mm,all,<5,49,0,0,5501,4844,3.70336,4.07645,1308,327
0.003,peak_in_dil2mm,all,5-10,37,2,0.0540541,5501,4844,3.70336,4.07645,1308,327
0.003,peak_in_dil2mm,all,10-20,275,65,0.236364,5501,4844,3.70336,4.07645,1308,327
0.003,peak_in_dil2mm,all,20-40,597,341,0.571189,5501,4844,3.70336,4.07645,1308,327
0.003,peak_in_dil2mm,all,>=40,277,224,0.808664,5501,4844,3.70336,4.07645,1308,327
0.003,peak_in_dil2mm,excl_separated,all,1165,624,0.535622,5501,4844,3.70336,4.07645,1308,327
0.003,peak_in_dil2mm,excl_separated,<5,46,0,0,5501,4844,3.70336,4.07645,1308,327
0.003,peak_in_dil2mm,excl_separated,5-10,35,2,0.0571429,5501,4844,3.70336,4.07645,1308,327
0.003,peak_in_dil2mm,excl_separated,10-20,249,62,0.248996,5501,4844,3.70336,4.07645,1308,327
0.003,peak_in_dil2mm,excl_separated,20-40,568,338,0.59507,5501,4844,3.70336,4.07645,1308,327
0.003,peak_in_dil2mm,excl_separated,>=40,267,222,0.831461,5501,4844,3.70336,4.07645,1308,327
0.003,touch,all,all,1235,817,0.661538,5501,4678,3.57645,4.07645,1308,327
0.003,touch,all,<5,49,4,0.0816327,5501,4678,3.57645,4.07645,1308,327
0.003,touch,all,5-10,37,6,0.162162,5501,4678,3.57645,4.07645,1308,327
0.003,touch,all,10-20,275,120,0.436364,5501,4678,3.57645,4.07645,1308,327
0.003,touch,all,20-40,597,437,0.731993,5501,4678,3.57645,4.07645,1308,327
0.003,touch,all,>=40,277,250,0.902527,5501,4678,3.57645,4.07645,1308,327
0.003,touch,excl_separated,all,1165,792,0.679828,5501,4678,3.57645,4.07645,1308,327
0.003,touch,excl_separated,<5,46,4,0.0869565,5501,4678,3.57645,4.07645,1308,327
0.003,touch,excl_separated,5-10,35,5,0.142857,5501,4678,3.57645,4.07645,1308,327
0.003,touch,excl_separated,10-20,249,113,0.453815,5501,4678,3.57645,4.07645,1308,327
0.003,touch,excl_separated,20-40,568,424,0.746479,5501,4678,3.57645,4.07645,1308,327
0.003,touch,excl_separated,>=40,267,246,0.921348,5501,4678,3.57645,4.07645,1308,327
0.001,peak_in_dil2mm,all,all,1235,650,0.526316,6991,6307,4.82187,5.0948,1308,327
0.001,peak_in_dil2mm,all,<5,49,0,0,6991,6307,4.82187,5.0948,1308,327
0.001,peak_in_dil2mm,all,5-10,37,1,0.027027,6991,6307,4.82187,5.0948,1308,327
0.001,peak_in_dil2mm,all,10-20,275,70,0.254545,6991,6307,4.82187,5.0948,1308,327
0.001,peak_in_dil2mm,all,20-40,597,351,0.58794,6991,6307,4.82187,5.0948,1308,327
0.001,peak_in_dil2mm,all,>=40,277,228,0.823105,6991,6307,4.82187,5.0948,1308,327
0.001,peak_in_dil2mm,excl_separated,all,1165,642,0.551073,6991,6307,4.82187,5.0948,1308,327
0.001,peak_in_dil2mm,excl_separated,<5,46,0,0,6991,6307,4.82187,5.0948,1308,327
0.001,peak_in_dil2mm,excl_separated,5-10,35,1,0.0285714,6991,6307,4.82187,5.0948,1308,327
0.001,peak_in_dil2mm,excl_separated,10-20,249,68,0.273092,6991,6307,4.82187,5.0948,1308,327
0.001,peak_in_dil2mm,excl_separated,20-40,568,349,0.614437,6991,6307,4.82187,5.0948,1308,327
0.001,peak_in_dil2mm,excl_separated,>=40,267,224,0.838951,6991,6307,4.82187,5.0948,1308,327
0.001,touch,all,all,1235,868,0.702834,6991,6117,4.67661,5.0948,1308,327
0.001,touch,all,<5,49,6,0.122449,6991,6117,4.67661,5.0948,1308,327
0.001,touch,all,5-10,37,7,0.189189,6991,6117,4.67661,5.0948,1308,327
0.001,touch,all,10-20,275,138,0.501818,6991,6117,4.67661,5.0948,1308,327
0.001,touch,all,20-40,597,460,0.770519,6991,6117,4.67661,5.0948,1308,327
0.001,touch,all,>=40,277,257,0.927798,6991,6117,4.67661,5.0948,1308,327
0.001,touch,excl_separated,all,1165,839,0.720172,6991,6117,4.67661,5.0948,1308,327
0.001,touch,excl_separated,<5,46,6,0.130435,6991,6117,4.67661,5.0948,1308,327
0.001,touch,excl_separated,5-10,35,6,0.171429,6991,6117,4.67661,5.0948,1308,327
0.001,touch,excl_separated,10-20,249,129,0.518072,6991,6117,4.67661,5.0948,1308,327
0.001,touch,excl_separated,20-40,568,447,0.786972,6991,6117,4.67661,5.0948,1308,327
0.001,touch,excl_separated,>=40,267,251,0.940075,6991,6117,4.67661,5.0948,1308,327
