case,n_gt_lesions,n_excluded,action,n_pred_comps_removed
PanTS_00000029,1,0,unchanged,0
PanTS_00000056,0,0,unchanged,0
PanTS_00000074,1,0,unchanged,0
PanTS_00000100,2,1,modified,0
PanTS_00000110,0,0,unchanged,0
PanTS_00000162,1,0,unchanged,0
PanTS_00000164,1,0,unchanged,0
PanTS_00000199,1,0,unchanged,0
PanTS_00000251,1,0,unchanged,0
PanTS_00000270,1,0,unchanged,0
PanTS_00000363,1,0,unchanged,0
PanTS_00000368,1,0,unchanged,0
PanTS_00000371,1,0,unchanged,0
PanTS_00000750,1,0,unchanged,0
PanTS_00000806,1,0,unchanged,0
PanTS_00000839,1,0,unchanged,0
PanTS_00000860,1,0,unchanged,0
PanTS_00000911,1,0,unchanged,0
PanTS_00000927,1,0,unchanged,0
PanTS_00001030,1,0,unchanged,0
PanTS_00001048,1,0,unchanged,0
PanTS_00001091,1,0,unchanged,0
PanTS_00001115,0,0,unchanged,0
PanTS_00001154,1,0,unchanged,0
PanTS_00001168,1,0,unchanged,0
PanTS_00001183,1,0,unchanged,0
PanTS_00001194,0,0,unchanged,0
PanTS_00001195,0,0,unchanged,0
PanTS_00001215,1,0,unchanged,0
PanTS_00001254,1,0,unchanged,0
PanTS_00001264,0,0,unchanged,0
PanTS_00001321,1,0,unchanged,0
PanTS_00001322,0,0,unchanged,0
PanTS_00001327,2,0,unchanged,0
PanTS_00001331,1,0,unchanged,0
PanTS_00001347,1,0,unchanged,0
PanTS_00001450,1,0,unchanged,0
PanTS_00001560,0,0,unchanged,0
PanTS_00001582,1,0,unchanged,0
PanTS_00001649,1,0,unchanged,0
PanTS_00001650,2,0,unchanged,0
PanTS_00001670,1,0,unchanged,0
PanTS_00001672,1,0,unchanged,0
PanTS_00001693,0,0,unchanged,0
PanTS_00001751,2,0,unchanged,0
PanTS_00001802,1,0,unchanged,0
PanTS_00001823,1,0,unchanged,0
PanTS_00001826,1,0,unchanged,0
PanTS_00001873,1,0,unchanged,0
PanTS_00001878,2,0,unchanged,0
PanTS_00001964,1,0,unchanged,0
PanTS_00001973,1,0,unchanged,0
PanTS_00002026,0,0,unchanged,0
PanTS_00002071,1,0,unchanged,0
PanTS_00002102,6,0,unchanged,0
PanTS_00002126,1,0,unchanged,0
PanTS_00002162,0,0,unchanged,0
PanTS_00002186,1,0,unchanged,0
PanTS_00002196,2,0,unchanged,0
PanTS_00002262,1,0,unchanged,0
PanTS_00002269,1,0,unchanged,0
PanTS_00002345,1,0,unchanged,0
PanTS_00002417,2,0,unchanged,0
PanTS_00002453,0,0,unchanged,0
PanTS_00002472,0,0,unchanged,0
PanTS_00002479,5,0,unchanged,0
PanTS_00002597,1,0,unchanged,0
PanTS_00002609,1,0,unchanged,0
PanTS_00002729,2,0,unchanged,0
PanTS_00002741,1,0,unchanged,0
PanTS_00002750,2,0,unchanged,0
PanTS_00002765,0,0,unchanged,0
PanTS_00002821,0,0,unchanged,0
PanTS_00002829,1,0,unchanged,0
PanTS_00002933,0,0,unchanged,0
PanTS_00002936,1,0,unchanged,0
PanTS_00002960,1,0,unchanged,0
PanTS_00002976,0,0,unchanged,0
PanTS_00003130,2,0,unchanged,0
PanTS_00003157,0,0,unchanged,0
PanTS_00003192,1,0,unchanged,0
PanTS_00003205,1,0,unchanged,0
PanTS_00003343,1,0,unchanged,0
PanTS_00003398,1,0,unchanged,0
PanTS_00003405,1,0,unchanged,0
PanTS_00003428,0,0,unchanged,0
PanTS_00003441,1,0,unchanged,0
PanTS_00003457,1,0,unchanged,0
PanTS_00003495,1,0,unchanged,0
PanTS_00003578,1,0,unchanged,0
PanTS_00003672,1,0,unchanged,0
PanTS_00003700,1,0,unchanged,0
PanTS_00003706,1,0,unchanged,0
PanTS_00003730,1,0,unchanged,0
PanTS_00003824,2,1,modified,0
PanTS_00003841,3,0,unchanged,0
PanTS_00003921,1,0,unchanged,0
PanTS_00003942,1,0,unchanged,0
PanTS_00003953,1,0,unchanged,0
PanTS_00003968,2,0,unchanged,0
PanTS_00004069,3,0,unchanged,0
PanTS_00004089,0,0,unchanged,0
PanTS_00004099,0,0,unchanged,0
PanTS_00004243,1,0,unchanged,0
PanTS_00004262,1,0,unchanged,0
PanTS_00004268,1,0,unchanged,0
PanTS_00004270,0,0,unchanged,0
PanTS_00004313,2,0,unchanged,0
PanTS_00004424,0,0,unchanged,0
PanTS_00004427,0,0,unchanged,0
PanTS_00004503,2,1,modified,0
PanTS_00004523,1,0,unchanged,0
PanTS_00004538,1,0,unchanged,0
PanTS_00004539,1,0,unchanged,0
PanTS_00004548,0,0,unchanged,0
PanTS_00004673,1,0,unchanged,0
PanTS_00004699,0,0,unchanged,0
PanTS_00004703,1,0,unchanged,0
PanTS_00004722,0,0,unchanged,0
PanTS_00004724,1,0,unchanged,0
PanTS_00004793,0,0,unchanged,0
PanTS_00004857,1,0,unchanged,0
PanTS_00004859,0,0,unchanged,0
PanTS_00004901,0,0,unchanged,0
PanTS_00005085,1,0,unchanged,0
PanTS_00005114,1,0,unchanged,0
PanTS_00005148,0,0,unchanged,0
PanTS_00005162,2,2,dropped,0
PanTS_00005186,1,0,unchanged,0
PanTS_00005230,1,0,unchanged,0
PanTS_00005257,1,0,unchanged,0
PanTS_00005266,1,1,dropped,0
PanTS_00005290,1,0,unchanged,0
PanTS_00005309,1,0,unchanged,0
PanTS_00005362,1,0,unchanged,0
PanTS_00005370,1,0,unchanged,0
PanTS_00005391,1,0,unchanged,0
PanTS_00005437,1,0,unchanged,0
PanTS_00005504,0,0,unchanged,0
PanTS_00005793,0,0,unchanged,0
PanTS_00005832,1,0,unchanged,0
PanTS_00005924,1,0,unchanged,0
PanTS_00005931,1,0,unchanged,0
PanTS_00005994,1,0,unchanged,0
PanTS_00006039,2,1,modified,0
PanTS_00006054,1,1,dropped,0
PanTS_00006071,0,0,unchanged,0
PanTS_00006201,1,0,unchanged,0
PanTS_00006224,0,0,unchanged,0
PanTS_00006238,1,0,unchanged,0
PanTS_00006272,1,0,unchanged,0
PanTS_00006315,1,0,unchanged,0
PanTS_00006321,0,0,unchanged,0
PanTS_00006331,3,0,unchanged,0
PanTS_00006394,1,0,unchanged,0
PanTS_00006466,1,0,unchanged,0
PanTS_00006513,1,0,unchanged,0
PanTS_00006519,1,0,unchanged,0
PanTS_00006616,1,0,unchanged,0
PanTS_00006642,0,0,unchanged,0
PanTS_00006734,1,0,unchanged,0
PanTS_00006786,1,0,unchanged,0
PanTS_00006927,1,0,unchanged,0
PanTS_00006946,0,0,unchanged,0
PanTS_00006959,1,0,unchanged,0
PanTS_00006999,0,0,unchanged,0
PanTS_00007001,2,0,unchanged,0
PanTS_00007054,1,0,unchanged,0
PanTS_00007093,1,0,unchanged,0
PanTS_00007115,1,0,unchanged,0
PanTS_00007132,0,0,unchanged,0
PanTS_00007169,0,0,unchanged,0
PanTS_00007184,1,0,unchanged,0
PanTS_00007211,6,1,modified,0
PanTS_00007228,1,0,unchanged,0
PanTS_00007248,1,0,unchanged,0
PanTS_00007422,1,0,unchanged,0
PanTS_00007463,1,0,unchanged,0
PanTS_00007501,1,0,unchanged,0
PanTS_00007508,0,0,unchanged,0
PanTS_00007514,0,0,unchanged,0
PanTS_00007532,2,0,unchanged,0
PanTS_00007539,1,0,unchanged,0
PanTS_00007564,1,0,unchanged,0
PanTS_00007577,1,0,unchanged,0
PanTS_00007651,1,0,unchanged,0
PanTS_00007661,3,2,modified,0
PanTS_00007668,1,0,unchanged,0
PanTS_00007691,3,1,modified,0
PanTS_00007713,1,0,unchanged,0
PanTS_00007716,0,0,unchanged,0
PanTS_00007802,1,0,unchanged,0
PanTS_00007831,1,0,unchanged,0
PanTS_00007851,1,0,unchanged,0
PanTS_00007869,0,0,unchanged,0
PanTS_00007890,1,0,unchanged,0
PanTS_00007960,1,0,unchanged,0
PanTS_00007997,2,1,modified,0
PanTS_00008055,0,0,unchanged,0
PanTS_00008073,1,0,unchanged,0
PanTS_00008101,0,0,unchanged,0
PanTS_00008123,1,0,unchanged,0
PanTS_00008131,2,0,unchanged,0
PanTS_00008180,1,0,unchanged,0
PanTS_00008184,1,0,unchanged,0
PanTS_00008252,0,0,unchanged,0
PanTS_00008298,1,0,unchanged,0
PanTS_00008326,0,0,unchanged,0
PanTS_00008384,2,1,modified,0
PanTS_00008428,1,0,unchanged,0
PanTS_00008538,0,0,unchanged,0
PanTS_00008606,0,0,unchanged,0
PanTS_00008653,0,0,unchanged,0
PanTS_00008658,7,1,modified,0
PanTS_00008662,1,0,unchanged,0
PanTS_00008743,1,0,unchanged,0
PanTS_00008763,1,0,unchanged,0
PanTS_00008769,1,0,unchanged,0
PanTS_00008812,0,0,unchanged,0
PanTS_00008837,1,0,unchanged,0
PanTS_00008838,0,0,unchanged,0
PanTS_00008854,1,0,unchanged,0
PanTS_00008954,1,0,unchanged,0
PanTS_00008995,0,0,unchanged,0
PanTS_00009001,1,0,unchanged,0
PanTS_00009079,1,0,unchanged,0
PanTS_00009143,1,0,unchanged,0
PanTS_00009158,1,0,unchanged,0
PanTS_00009163,0,0,unchanged,0
PanTS_00009174,1,0,unchanged,0
PanTS_00009199,2,0,unchanged,0
PanTS_00009304,1,0,unchanged,0
PanTS_00009308,1,0,unchanged,0
PanTS_00009317,1,0,unchanged,0
PanTS_00009329,1,0,unchanged,0
PanTS_00009367,1,0,unchanged,0
PanTS_00009373,1,0,unchanged,0
PanTS_00009403,0,0,unchanged,0
PanTS_00009410,0,0,unchanged,0
PanTS_00009457,1,0,unchanged,0
PanTS_00009506,1,0,unchanged,0
PanTS_00009518,1,0,unchanged,0
PanTS_00009528,1,0,unchanged,0
PanTS_00009534,1,0,unchanged,0
PanTS_00009569,1,0,unchanged,0
PanTS_00009578,1,0,unchanged,0
PanTS_00009604,0,0,unchanged,0
PanTS_00009635,1,0,unchanged,0
PanTS_00009637,0,0,unchanged,0
PanTS_00009640,1,0,unchanged,0
PanTS_00009652,1,0,unchanged,0
PanTS_00009687,1,0,unchanged,0
PanTS_00009697,0,0,unchanged,0
PanTS_00009706,0,0,unchanged,0
PanTS_00009722,0,0,unchanged,0
PanTS_00009731,1,0,unchanged,0
PanTS_00009752,1,0,unchanged,0
PanTS_00009776,0,0,unchanged,0
PanTS_00009850,0,0,unchanged,0
PanTS_00009868,1,0,unchanged,0
