threshold_mm,diam_bin,n_lesions,pct_of_bin_total
3,<5mm,1,3.225806451612903
3,5-10mm,1,5.0
3,10-15mm,4,4.444444444444445
3,15-20mm,24,18.6046511627907
4,<5mm,1,3.225806451612903
4,5-10mm,1,5.0
4,10-15mm,4,4.444444444444445
4,15-20mm,30,23.25581395348837
5,<5mm,1,3.225806451612903
5,5-10mm,1,5.0
5,10-15mm,5,5.555555555555555
5,15-20mm,32,24.8062015503876
6,<5mm,1,3.225806451612903
6,5-10mm,1,5.0
6,10-15mm,7,7.777777777777778
6,15-20mm,35,27.131782945736433
7,<5mm,1,3.225806451612903
7,5-10mm,1,5.0
7,10-15mm,7,7.777777777777778
7,15-20mm,35,27.131782945736433
8,<5mm,1,3.225806451612903
8,5-10mm,1,5.0
8,10-15mm,10,11.11111111111111
8,15-20mm,40,31.007751937984494
9,<5mm,1,3.225806451612903
9,5-10mm,2,10.0
9,10-15mm,13,14.444444444444443
9,15-20mm,41,31.782945736434108
10,<5mm,1,3.225806451612903
10,5-10mm,3,15.0
10,10-15mm,15,16.666666666666664
10,15-20mm,43,33.33333333333333
11,<5mm,3,9.67741935483871
11,5-10mm,3,15.0
11,10-15mm,18,20.0
11,15-20mm,49,37.98449612403101
12,<5mm,3,9.67741935483871
12,5-10mm,5,25.0
12,10-15mm,19,21.11111111111111
12,15-20mm,53,41.08527131782946
13,<5mm,4,12.903225806451612
13,5-10mm,5,25.0
13,10-15mm,21,23.333333333333332
13,15-20mm,55,42.63565891472868
14,<5mm,5,16.129032258064516
14,5-10mm,5,25.0
14,10-15mm,24,26.666666666666668
14,15-20mm,60,46.51162790697674
15,<5mm,6,19.35483870967742
15,5-10mm,5,25.0
15,10-15mm,28,31.11111111111111
15,15-20mm,63,48.837209302325576
16,<5mm,6,19.35483870967742
16,5-10mm,5,25.0
16,10-15mm,31,34.44444444444444
16,15-20mm,65,50.3875968992248
17,<5mm,8,25.806451612903224
17,5-10mm,5,25.0
17,10-15mm,34,37.77777777777778
17,15-20mm,67,51.93798449612403
18,<5mm,10,32.25806451612903
18,5-10mm,6,30.0
18,10-15mm,37,41.11111111111111
18,15-20mm,70,54.263565891472865
19,<5mm,10,32.25806451612903
19,5-10mm,6,30.0
19,10-15mm,39,43.333333333333336
19,15-20mm,72,55.81395348837209
20,<5mm,10,32.25806451612903
20,5-10mm,7,35.0
20,10-15mm,40,44.44444444444444
20,15-20mm,75,58.139534883720934
