group,diam_bin,n_lesions,pct
mpd_dilated,<5mm,0,0.0
mpd_dilated,5-10mm,4,0.9
mpd_dilated,10-15mm,17,4.0
mpd_dilated,15-20mm,34,8.1
mpd_dilated,20-40mm,240,56.9
mpd_dilated,40+mm,127,30.1
cbd_dilated,<5mm,0,0.0
cbd_dilated,5-10mm,4,1.3
cbd_dilated,10-15mm,21,6.6
cbd_dilated,15-20mm,31,9.7
cbd_dilated,20-40mm,158,49.7
cbd_dilated,40+mm,104,32.7
double_duct_dilated,<5mm,0,0.0
double_duct_dilated,5-10mm,1,0.5
double_duct_dilated,10-15mm,7,3.8
double_duct_dilated,15-20mm,12,6.6
double_duct_dilated,20-40mm,98,53.6
double_duct_dilated,40+mm,65,35.5
either_duct_dilated,<5mm,0,0.0
either_duct_dilated,5-10mm,7,1.3
either_duct_dilated,10-15mm,31,5.6
either_duct_dilated,15-20mm,53,9.5
either_duct_dilated,20-40mm,300,53.9
either_duct_dilated,40+mm,166,29.8
all_lesions,<5mm,49,4.0
all_lesions,5-10mm,37,3.0
all_lesions,10-15mm,113,9.1
all_lesions,15-20mm,162,13.1
all_lesions,20-40mm,597,48.3
all_lesions,40+mm,277,22.4
