case_id,lesion_id,dist_to_mpd_mm,diam_mm,diam_bin
PanTS_00000042,1,2.4472513639884528,25.92404297981982,20-40mm
PanTS_00000050,2,1.3810672576553995,27.325986364644656,20-40mm
PanTS_00000117,1,0.0,32.38087790893959,20-40mm
PanTS_00000162,1,1.9179680347442627,28.68791558377873,20-40mm
PanTS_00000167,1,0.0,20.75648591016444,20-40mm
PanTS_00000199,1,2.255859017372132,18.34292944390093,15-20mm
PanTS_00000231,1,0.0,22.3146826892981,20-40mm
PanTS_00000352,1,0.8730469942092896,32.642885737455444,20-40mm
PanTS_00000423,1,0.9277340173721312,24.29429109780042,20-40mm
PanTS_00000449,1,0.78125,64.1251599047714,40+mm
PanTS_00000564,1,2.5,16.477981475392316,15-20mm
PanTS_00000605,1,0.0,31.824164074343585,20-40mm
PanTS_00000656,1,2.607422947883606,35.688977887620794,20-40mm
PanTS_00000693,1,0.0,32.16783801713638,20-40mm
PanTS_00000696,1,0.0,55.49634976983315,40+mm
PanTS_00000727,1,0.8300780057907104,52.55962505960348,40+mm
PanTS_00000730,1,0.0,37.444520432472665,20-40mm
PanTS_00000750,1,0.0,20.619315131485514,20-40mm
PanTS_00000771,1,0.0,40.69016707596446,40+mm
PanTS_00000811,1,1.0,32.35974586528486,20-40mm
PanTS_00000849,1,0.0,17.508772475825683,15-20mm
PanTS_00000860,1,0.8378909826278687,48.01998658693054,40+mm
PanTS_00000878,1,0.0,35.5225638019344,20-40mm
PanTS_00000927,1,0.8203125,29.79752023095316,20-40mm
PanTS_00000945,1,0.0,27.690662162759946,20-40mm
PanTS_00000966,1,0.6835939884185791,19.20342824659107,15-20mm
PanTS_00001055,1,2.6700011704117284,35.98095199199154,20-40mm
PanTS_00001070,1,2.5,25.89157386048274,20-40mm
PanTS_00001077,1,0.0,39.091140202895495,20-40mm
PanTS_00001079,1,0.931640625,13.494568049841634,10-15mm
PanTS_00001081,1,1.4127035063423343,34.90274587093692,20-40mm
PanTS_00001086,1,0.0,21.382097559845302,20-40mm
PanTS_00001091,1,1.597656011581421,28.668902022623165,20-40mm
PanTS_00001154,1,0.7734379768371582,29.440946093172297,20-40mm
PanTS_00001193,2,0.625,39.887537214022124,20-40mm
PanTS_00001268,1,0.800000011920929,29.24240266331423,20-40mm
PanTS_00001277,1,1.4902023771957955,20.454694601728963,20-40mm
PanTS_00001297,1,2.5,29.989526466094627,20-40mm
PanTS_00001331,1,0.0,26.55516902512814,20-40mm
PanTS_00001347,1,2.594054385215381,38.62573957160202,20-40mm
PanTS_00001438,1,0.9765620231628418,16.190258659584888,15-20mm
PanTS_00001438,4,0.9765620231628418,36.45936084701912,20-40mm
PanTS_00001488,1,0.9472659826278688,34.630625445985274,20-40mm
PanTS_00001517,1,0.9765625,12.061776411263496,10-15mm
PanTS_00001568,1,2.320192777069207,50.33699912437199,40+mm
PanTS_00001582,1,0.0,37.62301513748056,20-40mm
PanTS_00001601,1,2.5,38.93984432837768,20-40mm
PanTS_00001618,1,2.5,25.593329954546043,20-40mm
PanTS_00001727,2,0.75,63.93062646337825,40+mm
PanTS_00001856,1,0.7773439884185791,26.62733942287013,20-40mm
PanTS_00001922,1,0.7421879768371582,21.21367533368479,20-40mm
PanTS_00001964,1,2.5,27.64695493545436,20-40mm
PanTS_00001973,1,2.9535502210900773,45.497426372474834,40+mm
PanTS_00002012,1,0.6933590173721313,26.719095414137765,20-40mm
PanTS_00002014,1,1.3423983670836244,36.46780266824697,20-40mm
PanTS_00002028,1,0.0,25.62300022611657,20-40mm
PanTS_00002071,1,1.0496123026733577,43.12999029026931,40+mm
PanTS_00002081,1,1.296875,36.90466232825468,20-40mm
PanTS_00002094,1,0.0,42.74599282825352,40+mm
PanTS_00002102,5,2.0,22.56102834535696,20-40mm
PanTS_00002232,1,0.8203120231628418,26.16267904948247,20-40mm
PanTS_00002269,1,0.0,42.043177583822,40+mm
PanTS_00002279,1,0.0,35.87858677899998,20-40mm
PanTS_00002304,1,0.0,37.48544238567986,20-40mm
PanTS_00002388,1,0.0,58.00389179298845,40+mm
PanTS_00002435,1,0.0,45.12442478906239,40+mm
PanTS_00002464,1,0.8164060115814209,18.515992594291912,15-20mm
PanTS_00002464,2,0.8164060115814209,31.80189167054996,20-40mm
PanTS_00002498,1,1.0,32.449961479175904,20-40mm
PanTS_00002514,1,0.9238280057907104,25.49034073820049,20-40mm
PanTS_00002567,1,2.5,27.77604703809561,20-40mm
PanTS_00002585,1,1.6640620231628418,35.12425379977732,20-40mm
PanTS_00002593,1,0.7851560115814209,23.068697645669705,20-40mm
PanTS_00002609,1,0.0,29.509277112350947,20-40mm
PanTS_00002616,1,0.0,25.555434118340084,20-40mm
PanTS_00002628,1,0.9765620231628418,34.99800793213486,20-40mm
PanTS_00002686,1,0.947265625,22.1721069237782,20-40mm
PanTS_00002729,1,0.7851560115814209,40.155841959350376,40+mm
PanTS_00002729,2,0.7851560115814209,35.35653793653305,20-40mm
PanTS_00002741,1,0.0,33.42341880366175,20-40mm
PanTS_00002849,1,0.800000011920929,49.44078077650433,40+mm
PanTS_00002875,1,1.1186655306862123,70.2386300915868,40+mm
PanTS_00002888,1,1.580969404096498,39.729246374145205,20-40mm
PanTS_00002913,1,0.0,20.03609227091219,20-40mm
PanTS_00002927,1,0.6640620231628418,28.976808580230248,20-40mm
PanTS_00003082,1,0.0,31.07578391132113,20-40mm
PanTS_00003084,1,1.3200000524520874,16.885793280530553,15-20mm
PanTS_00003151,1,0.8828120231628418,103.486524208976,40+mm
PanTS_00003161,3,0.800000011920929,48.38297824983302,40+mm
PanTS_00003188,1,0.0,44.56881091357498,40+mm
PanTS_00003229,1,0.7753909826278687,45.76435774134106,40+mm
PanTS_00003270,1,1.89006657763186,32.67382213115666,20-40mm
PanTS_00003276,1,2.1836590680368384,33.72397714845491,20-40mm
PanTS_00003287,1,0.8222659826278687,24.95345246685324,20-40mm
PanTS_00003300,1,2.611201691616066,21.5334547618517,20-40mm
PanTS_00003318,1,0.0,35.07486075869422,20-40mm
PanTS_00003355,1,1.40625,40.46754341830624,40+mm
PanTS_00003356,1,0.0,27.27001218285619,20-40mm
PanTS_00003360,1,0.896484375,80.91126189431584,40+mm
PanTS_00003391,2,0.826171875,45.366448261222025,40+mm
PanTS_00003434,1,2.5,38.90771290092802,20-40mm
PanTS_00003437,1,0.8867189884185791,33.984501768018816,20-40mm
PanTS_00003441,1,0.6875,47.47783199820733,40+mm
PanTS_00003496,1,2.441727429435221,34.484160964890535,20-40mm
PanTS_00003558,1,2.683038469038938,62.17291575742057,40+mm
PanTS_00003578,1,0.0,15.177143323926842,15-20mm
PanTS_00003586,1,2.0992246053467154,44.59954413503258,40+mm
PanTS_00003588,1,0.0,39.09976360247142,20-40mm
PanTS_00003595,1,0.7851560115814209,40.60619868016641,40+mm
PanTS_00003615,1,0.0,58.57971926674763,40+mm
PanTS_00003639,1,0.800000011920929,64.50337629382484,40+mm
PanTS_00003679,1,0.6640620231628418,48.00085376903321,40+mm
PanTS_00003684,1,0.9888449764903506,21.89136224079837,20-40mm
PanTS_00003700,1,1.503906011581421,31.87981057001869,20-40mm
PanTS_00003711,1,0.0,84.83589473862126,40+mm
PanTS_00003730,1,0.9765620231628418,33.713915636432084,20-40mm
PanTS_00003776,1,1.030277183037894,19.809778240560664,15-20mm
PanTS_00003782,1,2.449489742783178,34.56877203488721,20-40mm
PanTS_00003923,1,0.0,29.0235163609292,20-40mm
PanTS_00003953,1,0.0,86.96976102450402,40+mm
PanTS_00003969,1,0.0,32.77373333264786,20-40mm
PanTS_00004029,1,0.8359379768371582,46.14801684101853,40+mm
PanTS_00004033,1,2.165514517383802,34.84725669013452,20-40mm
PanTS_00004064,1,2.223476479805892,30.21054454909949,20-40mm
PanTS_00004117,1,2.541166343588308,26.29745769790373,20-40mm
PanTS_00004155,1,0.703125,104.5725301525214,40+mm
PanTS_00004157,1,0.0,27.22803640395469,20-40mm
PanTS_00004231,1,0.0,35.49819672722495,20-40mm
PanTS_00004243,1,0.0,63.18897691502407,40+mm
PanTS_00004268,1,2.419631691222293,28.360142129152795,20-40mm
PanTS_00004301,1,0.0,75.9945200012215,40+mm
PanTS_00004448,1,1.4765620231628418,33.814555530480376,20-40mm
PanTS_00004475,1,0.0,37.3653441749504,20-40mm
PanTS_00004497,1,0.78125,33.19017762267927,20-40mm
PanTS_00004513,1,0.8203125,34.50962982677806,20-40mm
PanTS_00004523,1,0.0,45.42539318900601,40+mm
PanTS_00004597,1,2.5,35.0989329785045,20-40mm
PanTS_00004671,1,0.744140625,25.072449114922165,20-40mm
PanTS_00004671,2,0.744140625,34.816336127636106,20-40mm
PanTS_00004677,1,0.0,41.57935461485125,40+mm
PanTS_00004707,1,0.8027340173721313,40.074786036416896,40+mm
PanTS_00004769,1,1.7968759536743164,42.0251796723529,40+mm
PanTS_00004825,1,2.905475107774896,27.83669316093679,20-40mm
PanTS_00004828,1,1.2000000476837158,42.91265101196496,40+mm
PanTS_00004937,1,2.5,29.56884091380376,20-40mm
PanTS_00004963,1,0.6503909826278687,47.18548154922995,40+mm
PanTS_00004964,1,1.129713399792676,23.071457093025792,20-40mm
PanTS_00005027,1,2.5,26.96659536584105,20-40mm
PanTS_00005062,1,0.8359379768371582,44.1769034522868,40+mm
PanTS_00005137,1,0.7539060115814209,21.62681442828869,20-40mm
PanTS_00005137,2,0.7539060115814209,43.48422100882701,40+mm
PanTS_00005172,1,1.1981932274658804,47.61842166883713,40+mm
PanTS_00005186,1,0.0,35.75695007631056,20-40mm
PanTS_00005207,1,0.0,56.83431753804594,40+mm
PanTS_00005210,1,0.8027340173721313,43.09546796826013,40+mm
PanTS_00005221,1,0.0,37.24203262632996,20-40mm
PanTS_00005242,1,1.7687655084447071,25.82147627556467,20-40mm
PanTS_00005257,1,1.3593759536743164,27.470340949455903,20-40mm
PanTS_00005275,1,0.7850000262260437,29.7335121976292,20-40mm
PanTS_00005309,1,0.8554689884185791,44.15413496546724,40+mm
PanTS_00005392,1,0.5885416865348816,72.29335662582949,40+mm
PanTS_00005466,1,0.6445310115814209,28.14767598082475,20-40mm
PanTS_00005739,1,0.9472659826278688,26.45510965286984,20-40mm
PanTS_00005757,1,0.0,28.76663544221065,20-40mm
PanTS_00005766,1,2.981715110469141,33.778055468750715,20-40mm
PanTS_00005780,1,0.83984375,32.164766746373786,20-40mm
PanTS_00005806,1,0.0,44.070199013464006,40+mm
PanTS_00005855,1,0.7597659826278687,43.77035136698581,40+mm
PanTS_00005931,1,0.78125,23.76027738158795,20-40mm
PanTS_00005960,1,2.9831067331307475,27.89631419566257,20-40mm
PanTS_00005992,1,0.0,29.71811967545086,20-40mm
PanTS_00006000,1,0.0,41.52638353813654,40+mm
PanTS_00006011,1,2.1213203435596424,23.286262044390035,20-40mm
PanTS_00006079,1,1.8046879768371584,25.77142542907924,20-40mm
PanTS_00006157,1,0.7832030057907104,98.4385966327372,40+mm
PanTS_00006183,1,1.6857850905418008,25.66501234131726,20-40mm
PanTS_00006201,1,2.5,31.1452314840291,20-40mm
PanTS_00006218,1,0.7226560115814209,20.198160429554903,20-40mm
PanTS_00006272,1,0.0,30.791162743959507,20-40mm
PanTS_00006304,1,2.5,23.79814199680303,20-40mm
PanTS_00006333,1,2.35546875,35.361356766506624,20-40mm
PanTS_00006350,1,1.5,48.303726564313855,40+mm
PanTS_00006384,1,2.1705579069114007,42.03233637796196,40+mm
PanTS_00006413,1,0.0,19.70525202928589,15-20mm
PanTS_00006432,1,0.6835939884185791,35.213377097422125,20-40mm
PanTS_00006447,1,1.3671879768371582,31.96766853029993,20-40mm
PanTS_00006467,1,0.0,29.176017820283413,20-40mm
PanTS_00006483,1,0.0,81.90643839313665,40+mm
PanTS_00006616,1,1.3554680347442627,26.919877817192653,20-40mm
PanTS_00006650,1,0.771484375,35.273805196034814,20-40mm
PanTS_00006654,1,0.0,105.19848403069034,40+mm
PanTS_00006786,1,2.6132819652557373,60.48724326688067,40+mm
PanTS_00006795,1,0.0,91.043152629626,40+mm
PanTS_00006802,1,0.0,15.501901925931325,15-20mm
PanTS_00006879,1,0.911504497948496,29.482949329572275,20-40mm
PanTS_00006921,1,0.0,47.220600972986354,40+mm
PanTS_00006960,1,1.4843759536743164,36.57762722699676,20-40mm
PanTS_00006975,1,0.7265620231628418,28.28932752896192,20-40mm
PanTS_00006982,1,0.0,77.7951943873905,40+mm
PanTS_00006987,1,0.8203125,37.184168869974506,20-40mm
PanTS_00006987,2,1.2934112252706986,21.539667485609545,20-40mm
PanTS_00006998,1,0.0,35.07748994857791,20-40mm
PanTS_00007048,1,0.625,19.11781829273625,15-20mm
PanTS_00007053,1,0.8984379768371582,40.18340806750818,40+mm
PanTS_00007065,1,0.0,39.90178722216176,20-40mm
PanTS_00007071,1,0.0,34.56337730864879,20-40mm
PanTS_00007095,1,0.0,52.96523135403179,40+mm
PanTS_00007105,1,0.0,27.76333846067612,20-40mm
PanTS_00007114,1,1.3125,35.84537104006597,20-40mm
PanTS_00007115,1,2.5,39.749753560811016,20-40mm
PanTS_00007130,1,1.5,62.22740823059664,40+mm
PanTS_00007167,1,2.5,41.213479701272746,40+mm
PanTS_00007190,1,0.0,53.982428088462015,40+mm
PanTS_00007194,1,0.9765625,27.569170155563373,20-40mm
PanTS_00007211,1,0.7890620231628418,81.50237436096754,40+mm
PanTS_00007211,3,0.7890620231628418,38.80190315015562,20-40mm
PanTS_00007242,1,0.0,50.46965411576,40+mm
PanTS_00007260,1,0.625,39.887537214022124,20-40mm
PanTS_00007278,1,1.135237334345908,22.593611309079336,20-40mm
PanTS_00007299,1,2.5,43.91211639085593,40+mm
PanTS_00007308,1,0.7421879768371582,50.6539609709294,40+mm
PanTS_00007309,1,2.5,33.20044474476208,20-40mm
PanTS_00007315,1,0.0,29.12946282088296,20-40mm
PanTS_00007334,1,2.95767706139323,52.99413088559788,40+mm
PanTS_00007422,1,0.8203120231628418,50.6434330389096,40+mm
PanTS_00007426,1,1.8828120231628416,47.028108747743886,40+mm
PanTS_00007435,1,0.8945310115814209,24.874833714691416,20-40mm
PanTS_00007437,1,0.9765625,27.569170155563373,20-40mm
PanTS_00007485,1,1.373383546361861,40.25424625152082,40+mm
PanTS_00007525,1,1.140762617598292,38.44614524778253,20-40mm
PanTS_00007536,1,0.0,58.767821225913295,40+mm
PanTS_00007564,1,0.7402340173721313,24.72763929420904,20-40mm
PanTS_00007577,1,0.0,48.349734773672914,40+mm
PanTS_00007583,1,0.7949219942092896,29.121487682428224,20-40mm
PanTS_00007588,1,0.7480469942092896,33.85665800053588,20-40mm
PanTS_00007594,1,0.6738280057907104,41.76384689083536,40+mm
PanTS_00007622,1,0.9765620231628418,41.18946415884441,40+mm
PanTS_00007641,1,0.7226560115814209,36.69002258066007,20-40mm
PanTS_00007651,1,2.0381860192096544,32.59505325673435,20-40mm
PanTS_00007660,1,0.0,61.05613770658378,40+mm
PanTS_00007690,1,2.778264041374408,20.444284704773885,20-40mm
PanTS_00007713,1,0.6445310115814209,42.5615315613798,40+mm
PanTS_00007728,1,0.67578125,46.383160837030736,40+mm
PanTS_00007757,1,1.5,128.2916599004004,40+mm
PanTS_00007786,1,0.9082030057907104,27.83871541838499,20-40mm
PanTS_00007802,1,0.0,11.576345296005004,10-15mm
PanTS_00007846,1,1.3538698163719758,23.94645042539438,20-40mm
PanTS_00007851,1,0.0,40.38476193351347,40+mm
PanTS_00007890,1,0.75,42.88429199602111,40+mm
PanTS_00007905,1,0.0,34.82229949949223,20-40mm
PanTS_00008001,1,0.83984375,32.164766746373786,20-40mm
PanTS_00008059,1,0.0,57.62747438832108,40+mm
PanTS_00008091,1,1.4142135623730951,19.72308292331602,15-20mm
PanTS_00008231,2,0.78125,32.06933711214655,20-40mm
PanTS_00008242,2,0.62890625,46.49311785416263,40+mm
PanTS_00008292,1,0.0,92.56814434988932,40+mm
PanTS_00008298,1,2.5,35.54461169029606,20-40mm
PanTS_00008302,1,0.0,38.81331548874808,20-40mm
PanTS_00008303,1,2.762134515310799,33.494235826910774,20-40mm
PanTS_00008354,1,0.0,60.89629223423548,40+mm
PanTS_00008392,1,1.5,27.4135003237456,20-40mm
PanTS_00008428,1,2.3847659826278687,36.236736097635685,20-40mm
PanTS_00008445,1,0.705078125,20.74382543041541,20-40mm
PanTS_00008451,3,1.1048543456039803,2.5239555729373246,<5mm
PanTS_00008451,4,1.9213947620344671,18.08789428249561,15-20mm
PanTS_00008473,1,0.6621090173721313,36.96577273248318,20-40mm
PanTS_00008476,1,0.7363280057907104,32.17988087342666,20-40mm
PanTS_00008512,1,0.7148439884185791,56.27208485558853,40+mm
PanTS_00008512,2,0.7148439884185791,12.023911638900817,10-15mm
PanTS_00008540,1,0.0,28.69155143664846,20-40mm
PanTS_00008546,1,2.5,43.41817522021308,40+mm
PanTS_00008650,1,0.0,36.733742371186445,20-40mm
PanTS_00008662,1,2.6186454141757403,32.31303456902229,20-40mm
PanTS_00008721,1,0.0,23.678471256030324,20-40mm
PanTS_00008727,1,0.7675780057907104,46.607874857618334,40+mm
PanTS_00008743,1,0.0,27.98250210933832,20-40mm
PanTS_00008763,1,2.979588179478308,35.25545229275799,20-40mm
PanTS_00008892,1,0.0,124.9554620636144,40+mm
PanTS_00008913,1,1.838642632741576,18.646481700964987,15-20mm
PanTS_00008931,1,2.5,42.27542091603112,40+mm
PanTS_00008954,1,1.4882819652557373,58.62286355343123,40+mm
PanTS_00008974,1,2.5,30.059551895466605,20-40mm
PanTS_00008989,1,0.8203125,36.74171157064713,20-40mm
PanTS_00008989,2,0.8203125,20.869999635017365,20-40mm
PanTS_00008994,2,2.8824303110055225,18.12777136094704,15-20mm
PanTS_00008999,2,1.8782510388276143,26.01796334729672,20-40mm
PanTS_00009005,1,0.8632810115814209,37.2868008855855,20-40mm
PanTS_00009009,1,0.0,55.92883847483811,40+mm
PanTS_00009020,1,0.0,41.497510950291705,40+mm
PanTS_00009037,1,0.0,102.31453462790252,40+mm
PanTS_00009041,2,2.5,32.840825165324055,20-40mm
PanTS_00009056,2,0.8671879768371582,18.563576421251444,15-20mm
PanTS_00009061,1,2.6251190884432964,25.334021562536936,20-40mm
PanTS_00009067,1,0.8164060115814209,21.499195183183723,20-40mm
PanTS_00009097,1,0.0,57.10753304944684,40+mm
PanTS_00009121,1,0.703125,52.81302006030923,40+mm
PanTS_00009135,1,0.0,32.10714277429077,20-40mm
PanTS_00009151,1,0.0,27.566048981677284,20-40mm
PanTS_00009157,1,0.0,18.559461115090343,15-20mm
PanTS_00009158,1,0.0,85.19519321690412,40+mm
PanTS_00009174,1,0.8984379768371582,48.42989517740698,40+mm
PanTS_00009182,1,0.0,37.35678898319665,20-40mm
PanTS_00009199,2,0.0,19.27245448497624,15-20mm
PanTS_00009222,1,0.0,23.88807319571712,20-40mm
PanTS_00009237,1,2.396412031454857,32.24829162002674,20-40mm
PanTS_00009265,1,0.9746090173721312,44.80648279199709,40+mm
PanTS_00009286,1,2.5,15.73884308456708,15-20mm
PanTS_00009304,1,1.6406240463256836,30.01839510642491,20-40mm
PanTS_00009319,1,0.7929689884185791,44.05178260472875,40+mm
PanTS_00009342,1,2.33464954985044,22.289077299330216,20-40mm
PanTS_00009366,1,2.655514604083359,41.95851047835826,40+mm
PanTS_00009375,1,2.655218584350614,40.24290701758105,40+mm
PanTS_00009386,1,2.8242180347442627,41.94520210887773,40+mm
PanTS_00009407,1,2.5,43.76006825367082,40+mm
PanTS_00009421,1,0.5996090173721313,19.26360179666138,15-20mm
PanTS_00009423,1,0.8085939884185791,24.605002256786165,20-40mm
PanTS_00009435,1,2.5,24.78202837287705,20-40mm
PanTS_00009449,2,2.6839659806122547,53.64096798330733,40+mm
PanTS_00009473,1,2.0274080613580923,37.80833596726651,20-40mm
PanTS_00009478,1,0.0,68.14569658728915,40+mm
PanTS_00009483,1,0.8105469942092896,63.04486600924616,40+mm
PanTS_00009495,1,0.0,18.562268693694644,15-20mm
PanTS_00009504,1,0.8164060115814209,53.55341989280039,40+mm
PanTS_00009510,1,0.0,65.06621629579945,40+mm
PanTS_00009517,1,2.929687976837158,38.66411971272691,20-40mm
PanTS_00009528,1,0.0,73.75034630172259,40+mm
PanTS_00009534,1,0.9433590173721312,35.86005313053534,20-40mm
PanTS_00009544,1,0.0,35.28746692900505,20-40mm
PanTS_00009551,1,1.4296879768371582,55.30391511106375,40+mm
PanTS_00009569,1,2.5,23.05153573185181,20-40mm
PanTS_00009584,1,0.0,9.764765587184172,5-10mm
PanTS_00009608,1,0.6953120231628418,22.51320494535621,20-40mm
PanTS_00009612,1,0.7421879768371582,35.51553186118479,20-40mm
PanTS_00009613,1,0.9765620231628418,62.18259625234709,40+mm
PanTS_00009640,1,0.7636719942092896,42.25312644740902,40+mm
PanTS_00009641,1,0.8007810115814209,29.660014890556955,20-40mm
PanTS_00009666,1,2.866132010115682,20.02007044632461,20-40mm
PanTS_00009731,1,0.7851560115814209,36.80971111461707,20-40mm
PanTS_00009752,1,0.0,28.636694268366217,20-40mm
PanTS_00009760,1,0.0,59.09923852061932,40+mm
PanTS_00009766,1,2.1225176505173784,56.29190509932946,40+mm
PanTS_00009768,1,0.0,17.293423605521262,15-20mm
PanTS_00009781,1,0.90625,36.1911429513493,20-40mm
PanTS_00009797,1,2.2851569652557373,17.102031802780985,15-20mm
PanTS_00009821,1,0.0,45.41741140532659,40+mm
PanTS_00009826,1,1.7032554378563178,24.24118160947172,20-40mm
PanTS_00009832,1,0.9765620231628418,60.97835299571973,40+mm
PanTS_00009838,1,0.0,63.4976201527953,40+mm
PanTS_00009862,1,0.8457030057907104,32.30974376614494,20-40mm
PanTS_00009887,1,0.0,39.0980221877714,20-40mm
PanTS_00009894,1,0.0,24.70888870846952,20-40mm
PanTS_00009897,1,2.386485386504598,29.408840215358715,20-40mm
