case_id,lesion_id,mpd_present,dist_to_mpd_mm,duct_adjacent
PanTS_00000003,1,True,7.5,False
PanTS_00000026,1,True,34.7713366296827,False
PanTS_00000029,1,True,3.063308876231795,False
PanTS_00000031,1,True,113.80161531372066,False
PanTS_00000031,2,True,14.168347842351244,False
PanTS_00000035,1,True,61.15809431301796,False
PanTS_00000036,1,False,,
PanTS_00000040,1,True,104.78493599988502,False
PanTS_00000042,1,True,2.4472513639884528,True
PanTS_00000047,1,False,,
PanTS_00000047,2,False,,
PanTS_00000049,1,True,9.481328533875184,False
PanTS_00000050,1,True,16.289762760909447,False
PanTS_00000050,2,True,1.3810672576553995,True
PanTS_00000074,1,True,11.586863649871896,False
PanTS_00000084,1,True,6.06362747247883,False
PanTS_00000086,1,True,5.0489248524278345,False
PanTS_00000091,1,False,,
PanTS_00000091,2,False,,
PanTS_00000099,1,False,,
PanTS_00000099,2,False,,
PanTS_00000100,1,True,19.55069349080701,False
PanTS_00000100,2,True,77.99186788840946,False
PanTS_00000113,1,False,,
PanTS_00000117,1,True,0.0,True
PanTS_00000128,1,True,3.75,False
PanTS_00000162,1,True,1.9179680347442627,True
PanTS_00000164,1,True,11.406255722045898,False
PanTS_00000167,1,True,0.0,True
PanTS_00000180,1,True,72.89278703858288,False
PanTS_00000199,1,True,2.255859017372132,True
PanTS_00000220,1,True,31.81980515339464,False
PanTS_00000231,1,True,0.0,True
PanTS_00000246,1,True,62.61608360302687,False
PanTS_00000251,1,True,62.77040631001554,False
PanTS_00000252,1,True,72.66808153742176,False
PanTS_00000252,2,True,80.13379037244594,False
PanTS_00000259,1,True,10.6875,False
PanTS_00000259,2,True,20.8116817829029,False
PanTS_00000270,1,False,,
PanTS_00000290,1,True,18.6748493969831,False
PanTS_00000352,1,True,0.8730469942092896,True
PanTS_00000363,1,True,3.221178027893855,False
PanTS_00000368,1,True,11.645982428581847,False
PanTS_00000371,1,True,51.97792820688384,False
PanTS_00000416,1,True,73.7366901933299,False
PanTS_00000423,1,True,0.9277340173721312,True
PanTS_00000449,1,True,0.78125,True
PanTS_00000451,1,False,,
PanTS_00000463,1,True,18.79632948086208,False
PanTS_00000465,1,True,4.796386693896023,False
PanTS_00000465,2,True,4.362936772995484,False
PanTS_00000482,1,False,,
PanTS_00000485,1,False,,
PanTS_00000488,1,True,67.53577223452895,False
PanTS_00000554,1,True,3.4327131979635115,False
PanTS_00000557,1,True,25.723056354628994,False
PanTS_00000557,2,True,30.412004389489493,False
PanTS_00000564,1,True,2.5,True
PanTS_00000574,1,False,,
PanTS_00000592,1,True,7.109478842323595,False
PanTS_00000605,1,True,0.0,True
PanTS_00000623,1,False,,
PanTS_00000626,1,True,21.200692449813108,False
PanTS_00000654,1,False,,
PanTS_00000656,1,True,2.607422947883606,True
PanTS_00000674,1,True,28.46377992428492,False
PanTS_00000675,1,False,,
PanTS_00000693,1,True,0.0,True
PanTS_00000696,1,True,0.0,True
PanTS_00000715,1,True,28.792914379485385,False
PanTS_00000723,1,True,15.0,False
PanTS_00000727,1,True,0.8300780057907104,True
PanTS_00000730,1,True,0.0,True
PanTS_00000750,1,True,0.0,True
PanTS_00000761,1,True,11.742960018042792,False
PanTS_00000766,1,True,61.20661728930949,False
PanTS_00000766,2,True,13.583077707206124,False
PanTS_00000771,1,True,0.0,True
PanTS_00000797,1,True,86.73185430678562,False
PanTS_00000806,1,True,5.258947439120606,False
PanTS_00000811,1,True,1.0,True
PanTS_00000814,1,True,16.4559879187937,False
PanTS_00000814,2,True,92.260252687078,False
PanTS_00000836,1,True,5.760237706895559,False
PanTS_00000839,1,True,116.6462762361732,False
PanTS_00000849,1,True,0.0,True
PanTS_00000855,1,True,49.78612343750687,False
PanTS_00000855,2,True,15.067830287766595,False
PanTS_00000860,1,True,0.8378909826278687,True
PanTS_00000862,1,True,8.716453550613346,False
PanTS_00000871,1,False,,
PanTS_00000871,2,False,,
PanTS_00000871,3,False,,
PanTS_00000871,4,False,,
PanTS_00000878,1,True,0.0,True
PanTS_00000881,1,True,29.068883707497267,False
PanTS_00000911,1,False,,
PanTS_00000927,1,True,0.8203125,True
PanTS_00000930,1,True,69.51926901599609,False
PanTS_00000930,2,True,37.82809319653281,False
PanTS_00000932,1,True,15.84557890258531,False
PanTS_00000932,2,True,20.0,False
PanTS_00000945,1,True,0.0,True
PanTS_00000966,1,True,0.6835939884185791,True
PanTS_00001012,1,True,5.0,False
PanTS_00001016,1,True,5.0,False
PanTS_00001021,1,True,23.372958007398744,False
PanTS_00001030,1,True,12.5975019354948,False
PanTS_00001048,1,True,47.59495274814072,False
PanTS_00001053,1,True,61.8488048243709,False
PanTS_00001055,1,True,2.6700011704117284,True
PanTS_00001070,1,True,2.5,True
PanTS_00001077,1,True,0.0,True
PanTS_00001079,1,True,0.931640625,True
PanTS_00001081,1,True,1.4127035063423343,True
PanTS_00001082,1,True,4.530744731829921,False
PanTS_00001085,1,True,3.319392553678988,False
PanTS_00001086,1,True,0.0,True
PanTS_00001091,1,True,1.597656011581421,True
PanTS_00001111,1,False,,
PanTS_00001121,1,True,18.7245182316612,False
PanTS_00001145,1,True,10.0,False
PanTS_00001154,1,True,0.7734379768371582,True
PanTS_00001168,1,True,68.13741308391138,False
PanTS_00001182,1,True,29.70097441503578,False
PanTS_00001183,1,True,14.493442452467118,False
PanTS_00001186,1,True,6.535713770239243,False
PanTS_00001193,1,True,36.70511715006506,False
PanTS_00001193,2,True,0.625,True
PanTS_00001197,1,True,14.54315080510817,False
PanTS_00001215,1,True,30.64107211913665,False
PanTS_00001254,1,False,,
PanTS_00001258,1,False,,
PanTS_00001261,1,True,9.733885922705792,False
PanTS_00001268,1,True,0.800000011920929,True
PanTS_00001275,1,True,5.572876242612832,False
PanTS_00001275,2,True,106.54897765336396,False
PanTS_00001277,1,True,1.4902023771957955,True
PanTS_00001297,1,True,2.5,True
PanTS_00001321,1,False,,
PanTS_00001326,1,True,17.994725496823918,False
PanTS_00001327,1,False,,
PanTS_00001327,2,False,,
PanTS_00001331,1,True,0.0,True
PanTS_00001347,1,True,2.594054385215381,True
PanTS_00001351,1,True,41.32257107873066,False
PanTS_00001352,1,True,14.762288314115583,False
PanTS_00001352,2,True,33.17521253947497,False
PanTS_00001359,1,False,,
PanTS_00001361,1,False,,
PanTS_00001387,1,True,7.134487339862,False
PanTS_00001423,1,True,7.071067811865476,False
PanTS_00001436,1,True,14.717494679736824,False
PanTS_00001436,2,True,19.388939632467984,False
PanTS_00001438,1,True,0.9765620231628418,True
PanTS_00001438,2,True,6.638785107357976,False
PanTS_00001438,3,True,6.988693341898582,False
PanTS_00001438,4,True,0.9765620231628418,True
PanTS_00001450,1,True,3.1189175536010563,False
PanTS_00001471,1,True,10.129716607851073,False
PanTS_00001471,2,True,36.8675134738731,False
PanTS_00001472,1,False,,
PanTS_00001477,1,False,,
PanTS_00001477,2,False,,
PanTS_00001488,1,True,0.9472659826278688,True
PanTS_00001500,1,True,4.770770787435716,False
PanTS_00001502,1,False,,
PanTS_00001515,1,True,3.108670715621721,False
PanTS_00001517,1,True,0.9765625,True
PanTS_00001519,1,True,14.567013282638364,False
PanTS_00001536,1,True,11.0774686873434,False
PanTS_00001541,1,True,119.96268645949093,False
PanTS_00001542,1,True,5.0,False
PanTS_00001568,1,True,2.320192777069207,True
PanTS_00001582,1,True,0.0,True
PanTS_00001583,1,True,11.843489416871616,False
PanTS_00001583,2,True,11.71991862192263,False
PanTS_00001592,1,True,8.803200434536578,False
PanTS_00001601,1,True,2.5,True
PanTS_00001612,1,True,22.771452797307425,False
PanTS_00001618,1,True,2.5,True
PanTS_00001645,1,True,25.260023811688534,False
PanTS_00001649,1,True,12.083045973594572,False
PanTS_00001650,1,True,25.19770458605804,False
PanTS_00001650,2,True,63.37208950725567,False
PanTS_00001655,1,True,7.851289433978733,False
PanTS_00001669,1,True,35.937445652132816,False
PanTS_00001670,1,True,29.363794052235832,False
PanTS_00001672,1,False,,
PanTS_00001678,1,True,73.79024325749306,False
PanTS_00001683,1,True,3.8811709428194665,False
PanTS_00001727,1,True,13.41640786499874,False
PanTS_00001727,2,True,0.75,True
PanTS_00001732,1,True,3.71907702146846,False
PanTS_00001736,1,False,,
PanTS_00001749,1,True,49.253197014348665,False
PanTS_00001749,2,True,60.078375159172815,False
PanTS_00001751,1,True,54.92950218493884,False
PanTS_00001751,2,True,3.674234468173808,False
PanTS_00001771,1,False,,
PanTS_00001787,1,False,,
PanTS_00001802,1,False,,
PanTS_00001816,1,True,26.126028524348627,False
PanTS_00001823,1,False,,
PanTS_00001826,1,True,3.187195142117235,False
PanTS_00001829,1,True,7.109478842323595,False
PanTS_00001840,1,True,7.076720647883017,False
PanTS_00001850,1,True,36.89009252012245,False
PanTS_00001856,1,True,0.7773439884185791,True
PanTS_00001870,1,False,,
PanTS_00001873,1,True,38.59821741603248,False
PanTS_00001874,1,True,10.533976487752916,False
PanTS_00001876,1,False,,
PanTS_00001876,2,False,,
PanTS_00001878,1,False,,
PanTS_00001878,2,False,,
PanTS_00001913,1,True,63.85706323347178,False
PanTS_00001922,1,True,0.7421879768371582,True
PanTS_00001923,1,True,11.006479609020728,False
PanTS_00001941,1,True,4.333009751229199,False
PanTS_00001946,1,True,6.754993666683244,False
PanTS_00001964,1,True,2.5,True
PanTS_00001968,1,True,15.901654992828522,False
PanTS_00001973,1,True,2.9535502210900773,True
PanTS_00001996,1,True,13.754685037238504,False
PanTS_00001996,2,True,7.899312832075594,False
PanTS_00001996,3,True,57.99968380677425,False
PanTS_00002012,1,True,0.6933590173721313,True
PanTS_00002014,1,True,1.3423983670836244,True
PanTS_00002028,1,True,0.0,True
PanTS_00002071,1,True,1.0496123026733577,True
PanTS_00002081,1,True,1.296875,True
PanTS_00002091,1,False,,
PanTS_00002094,1,True,0.0,True
PanTS_00002095,1,False,,
PanTS_00002095,2,False,,
PanTS_00002098,1,True,9.652566660765748,False
PanTS_00002102,1,True,11.6619037896906,False
PanTS_00002102,2,True,23.043437243605823,False
PanTS_00002102,3,True,30.26549190084312,False
PanTS_00002102,4,True,22.20360331117452,False
PanTS_00002102,5,True,2.0,True
PanTS_00002102,6,True,23.853720883753127,False
PanTS_00002107,1,False,,
PanTS_00002123,1,True,58.66771606057658,False
PanTS_00002123,2,True,31.07309339847535,False
PanTS_00002126,1,True,15.660459763365823,False
PanTS_00002142,1,True,34.31646229169131,False
PanTS_00002142,2,True,9.316693712194104,False
PanTS_00002177,1,True,20.40441132561664,False
PanTS_00002186,1,True,12.226865658057694,False
PanTS_00002187,1,True,8.319658911022252,False
PanTS_00002187,2,True,11.021844328363636,False
PanTS_00002196,1,True,8.919179211816523,False
PanTS_00002196,2,True,17.4514113415649,False
PanTS_00002205,1,True,59.67411499134277,False
PanTS_00002205,2,True,105.8158778255891,False
PanTS_00002205,3,True,40.7308237088326,False
PanTS_00002205,4,True,105.99056561788883,False
PanTS_00002205,5,True,122.86984984120392,False
PanTS_00002205,6,True,149.96332885075606,False
PanTS_00002211,1,True,33.367008094199264,False
PanTS_00002213,1,True,6.014130061791114,False
PanTS_00002213,2,True,36.004419772249946,False
PanTS_00002232,1,True,0.8203120231628418,True
PanTS_00002235,1,True,50.01907485414794,False
PanTS_00002235,2,True,22.374944909735976,False
PanTS_00002235,3,True,16.50950683610422,False
PanTS_00002243,1,True,63.89856716692736,False
PanTS_00002249,1,False,,
PanTS_00002262,1,False,,
PanTS_00002269,1,True,0.0,True
PanTS_00002275,1,True,23.24731766189167,False
PanTS_00002276,1,True,46.52418725781247,False
PanTS_00002279,1,True,0.0,True
PanTS_00002287,1,False,,
PanTS_00002304,1,True,0.0,True
PanTS_00002323,1,True,38.47371432405742,False
PanTS_00002329,1,False,,
PanTS_00002340,1,True,23.063776906131,False
PanTS_00002345,1,True,3.5210444481844783,False
PanTS_00002353,1,True,13.583077707206124,False
PanTS_00002362,1,False,,
PanTS_00002362,2,False,,
PanTS_00002388,1,True,0.0,True
PanTS_00002396,1,True,71.95208259036578,False
PanTS_00002417,1,True,58.50013966013923,False
PanTS_00002417,2,True,29.30081868391029,False
PanTS_00002435,1,True,0.0,True
PanTS_00002445,1,True,15.485110238654862,False
PanTS_00002451,1,False,,
PanTS_00002464,1,True,0.8164060115814209,True
PanTS_00002464,2,True,0.8164060115814209,True
PanTS_00002466,1,True,25.368523154286528,False
PanTS_00002468,1,True,73.7366901933299,False
PanTS_00002479,1,False,,
PanTS_00002479,2,False,,
PanTS_00002479,3,False,,
PanTS_00002479,4,False,,
PanTS_00002479,5,False,,
PanTS_00002483,1,False,,
PanTS_00002495,1,True,24.076626108282568,False
PanTS_00002497,1,False,,
PanTS_00002497,2,False,,
PanTS_00002498,1,True,1.0,True
PanTS_00002514,1,True,0.9238280057907104,True
PanTS_00002541,1,True,62.22286593820751,False
PanTS_00002567,1,True,2.5,True
PanTS_00002572,1,True,44.18465872399811,False
PanTS_00002585,1,True,1.6640620231628418,True
PanTS_00002592,1,True,35.416403481586975,False
PanTS_00002593,1,True,0.7851560115814209,True
PanTS_00002597,1,True,18.08458106060516,False
PanTS_00002609,1,True,0.0,True
PanTS_00002616,1,True,0.0,True
PanTS_00002628,1,True,0.9765620231628418,True
PanTS_00002643,1,True,17.589629915561222,False
PanTS_00002652,1,True,29.945527531513367,False
PanTS_00002652,2,True,10.268063886942276,False
PanTS_00002677,1,False,,
PanTS_00002686,1,True,0.947265625,True
PanTS_00002686,2,True,21.857914382966545,False
PanTS_00002720,1,True,43.83808026216594,False
PanTS_00002729,1,True,0.7851560115814209,True
PanTS_00002729,2,True,0.7851560115814209,True
PanTS_00002734,1,True,27.851223919751263,False
PanTS_00002741,1,True,0.0,True
PanTS_00002750,1,False,,
PanTS_00002750,2,False,,
PanTS_00002759,1,False,,
PanTS_00002779,1,False,,
PanTS_00002829,1,True,10.347506882787794,False
PanTS_00002849,1,True,0.800000011920929,True
PanTS_00002855,1,False,,
PanTS_00002859,1,True,10.587848651284167,False
PanTS_00002866,1,True,10.387981336621664,False
PanTS_00002875,1,True,1.1186655306862123,True
PanTS_00002875,2,True,53.73139132351076,False
PanTS_00002888,1,True,1.580969404096498,True
PanTS_00002889,1,False,,
PanTS_00002889,2,False,,
PanTS_00002893,1,True,3.398340964864556,False
PanTS_00002898,1,False,,
PanTS_00002898,2,False,,
PanTS_00002905,1,True,67.53048497560472,False
PanTS_00002906,1,False,,
PanTS_00002913,1,True,0.0,True
PanTS_00002915,1,True,23.345235059857504,False
PanTS_00002916,1,False,,
PanTS_00002927,1,True,0.6640620231628418,True
PanTS_00002930,1,False,,
PanTS_00002935,1,False,,
PanTS_00002935,2,False,,
PanTS_00002936,1,True,3.3541019662496847,False
PanTS_00002960,1,True,23.68252390427512,False
PanTS_00002963,1,True,42.95824499449849,False
PanTS_00002963,2,True,35.11230826809318,False
PanTS_00002963,3,True,50.60692342974625,False
PanTS_00002963,4,True,39.71255515085437,False
PanTS_00002963,5,True,34.9389085497317,False
PanTS_00002963,6,True,31.245598804146308,False
PanTS_00002993,1,True,3.25,False
PanTS_00003012,1,True,111.19971775046557,False
PanTS_00003012,2,True,63.31489038803299,False
PanTS_00003012,3,True,103.4151489080862,False
PanTS_00003012,4,True,91.84105893112742,False
PanTS_00003012,5,True,67.4309952279487,False
PanTS_00003012,6,True,93.69310138593156,False
PanTS_00003024,1,True,78.19846545808939,False
PanTS_00003024,2,True,13.41640786499874,False
PanTS_00003024,3,True,16.401219466856727,False
PanTS_00003024,4,True,17.72004514666935,False
PanTS_00003029,1,True,12.18605760695394,False
PanTS_00003033,1,True,5.380030759285631,False
PanTS_00003038,1,True,34.35388505841048,False
PanTS_00003051,1,False,,
PanTS_00003072,1,False,,
PanTS_00003072,2,False,,
PanTS_00003079,1,True,13.7109375,False
PanTS_00003082,1,True,0.0,True
PanTS_00003084,1,True,1.3200000524520874,True
PanTS_00003113,1,True,5.0,False
PanTS_00003127,1,True,94.07288148690886,False
PanTS_00003127,2,True,49.26832820446113,False
PanTS_00003128,1,True,28.63141730059176,False
PanTS_00003130,1,True,81.35149910265945,False
PanTS_00003130,2,True,5.0,False
PanTS_00003147,1,True,3.104033246036031,False
PanTS_00003148,1,True,3.225775103610524,False
PanTS_00003151,1,True,0.8828120231628418,True
PanTS_00003153,1,True,10.959044072028192,False
PanTS_00003153,2,True,16.991871405105922,False
PanTS_00003153,3,True,36.499598670738834,False
PanTS_00003160,1,True,21.106870919205434,False
PanTS_00003161,1,True,27.197555462646463,False
PanTS_00003161,2,True,21.91414363498412,False
PanTS_00003161,3,True,0.800000011920929,True
PanTS_00003162,1,True,34.76635866654349,False
PanTS_00003187,1,False,,
PanTS_00003187,2,False,,
PanTS_00003187,3,False,,
PanTS_00003187,4,False,,
PanTS_00003187,5,False,,
PanTS_00003188,1,True,0.0,True
PanTS_00003192,1,True,5.0,False
PanTS_00003202,1,True,13.024625480930627,False
PanTS_00003205,1,True,5.295142917163199,False
PanTS_00003229,1,True,0.7753909826278687,True
PanTS_00003246,1,True,6.344980233329529,False
PanTS_00003258,1,False,,
PanTS_00003258,2,False,,
PanTS_00003258,3,False,,
PanTS_00003260,1,False,,
PanTS_00003265,1,True,13.777381926424994,False
PanTS_00003270,1,True,1.89006657763186,True
PanTS_00003276,1,True,2.1836590680368384,True
PanTS_00003280,1,True,73.38528728992617,False
PanTS_00003287,1,True,0.8222659826278687,True
PanTS_00003292,1,True,65.02852168741107,False
PanTS_00003300,1,True,2.611201691616066,True
PanTS_00003303,1,False,,
PanTS_00003318,1,True,0.0,True
PanTS_00003339,1,True,4.218853080337897,False
PanTS_00003343,1,True,69.35812110241793,False
PanTS_00003355,1,True,1.40625,True
PanTS_00003356,1,True,0.0,True
PanTS_00003360,1,True,0.896484375,True
PanTS_00003370,1,True,36.09666039566313,False
PanTS_00003391,1,True,18.81999974606521,False
PanTS_00003391,2,True,0.826171875,True
PanTS_00003398,1,False,,
PanTS_00003405,1,True,3.6742346141747673,False
PanTS_00003416,1,False,,
PanTS_00003416,2,False,,
PanTS_00003416,3,False,,
PanTS_00003431,1,True,4.870298505016406,False
PanTS_00003434,1,True,2.5,True
PanTS_00003437,1,True,0.8867189884185791,True
PanTS_00003441,1,True,0.6875,True
PanTS_00003457,1,True,60.269017537644125,False
PanTS_00003473,1,True,46.34821181319998,False
PanTS_00003473,2,True,56.28514527053297,False
PanTS_00003473,3,True,12.31107225224513,False
PanTS_00003485,1,True,93.34429429101505,False
PanTS_00003485,2,True,72.25036460718468,False
PanTS_00003493,1,False,,
PanTS_00003493,2,False,,
PanTS_00003493,3,False,,
PanTS_00003495,1,False,,
PanTS_00003496,1,True,2.441727429435221,True
PanTS_00003496,2,True,18.81345961585085,False
PanTS_00003513,1,True,11.74734012447073,False
PanTS_00003521,1,True,8.921175083637708,False
PanTS_00003527,1,True,7.071067811865476,False
PanTS_00003558,1,True,2.683038469038938,True
PanTS_00003570,1,True,15.611810839723638,False
PanTS_00003578,1,True,0.0,True
PanTS_00003586,1,True,2.0992246053467154,True
PanTS_00003587,1,True,104.78493599988502,False
PanTS_00003588,1,True,0.0,True
PanTS_00003595,1,True,0.7851560115814209,True
PanTS_00003595,2,True,8.58425801191495,False
PanTS_00003602,1,True,5.0,False
PanTS_00003615,1,True,0.0,True
PanTS_00003624,1,True,11.74372339007097,False
PanTS_00003631,1,True,3.1557306883991623,False
PanTS_00003639,1,True,0.800000011920929,True
PanTS_00003642,1,True,6.48496681121085,False
PanTS_00003654,1,True,15.097766299212084,False
PanTS_00003672,1,True,9.888489599655752,False
PanTS_00003679,1,True,0.6640620231628418,True
PanTS_00003684,1,True,0.9888449764903506,True
PanTS_00003700,1,True,1.503906011581421,True
PanTS_00003706,1,True,74.89854632445221,False
PanTS_00003711,1,True,0.0,True
PanTS_00003730,1,True,0.9765620231628418,True
PanTS_00003736,1,True,11.16176193548288,False
PanTS_00003746,1,True,14.543039572248986,False
PanTS_00003746,2,True,4.5,False
PanTS_00003750,1,True,29.299936548366137,False
PanTS_00003750,2,True,34.90505985645584,False
PanTS_00003768,1,True,61.24327530048707,False
PanTS_00003776,1,True,1.030277183037894,True
PanTS_00003777,1,True,25.88067269914659,False
PanTS_00003782,1,True,2.449489742783178,True
PanTS_00003784,1,True,80.20377758480763,False
PanTS_00003812,1,True,12.92726372995946,False
PanTS_00003824,1,True,24.12517465088876,False
PanTS_00003824,2,True,162.58476719501644,False
PanTS_00003841,1,True,10.816653826391969,False
PanTS_00003841,2,True,14.0356688476182,False
PanTS_00003841,3,True,17.029386365926403,False
PanTS_00003849,1,True,17.48364244175835,False
PanTS_00003889,1,True,8.367859632190353,False
PanTS_00003894,1,False,,
PanTS_00003900,1,False,,
PanTS_00003900,2,False,,
PanTS_00003900,3,False,,
PanTS_00003916,1,True,24.69754171763925,False
PanTS_00003919,1,True,5.625,False
PanTS_00003921,1,True,10.5,False
PanTS_00003923,1,True,0.0,True
PanTS_00003937,1,True,8.073713813130121,False
PanTS_00003942,1,True,14.870359865822431,False
PanTS_00003950,1,True,6.363960862091534,False
PanTS_00003950,2,True,15.686299719315612,False
PanTS_00003953,1,True,0.0,True
PanTS_00003968,1,True,34.31646229169131,False
PanTS_00003968,2,True,9.316693712194104,False
PanTS_00003969,1,True,0.0,True
PanTS_00003974,1,True,6.721589838392488,False
PanTS_00003978,1,True,63.36846613261205,False
PanTS_00003978,2,True,37.77978957061566,False
PanTS_00003993,1,True,5.0,False
PanTS_00004029,1,True,0.8359379768371582,True
PanTS_00004033,1,True,2.165514517383802,True
PanTS_00004046,1,True,54.33824697559817,False
PanTS_00004055,1,False,,
PanTS_00004055,2,False,,
PanTS_00004058,1,True,6.282965112197363,False
PanTS_00004064,1,True,2.223476479805892,True
PanTS_00004069,1,False,,
PanTS_00004069,2,False,,
PanTS_00004069,3,False,,
PanTS_00004078,1,True,27.330179967374946,False
PanTS_00004085,1,True,4.406372763567586,False
PanTS_00004117,1,True,2.541166343588308,True
PanTS_00004121,1,False,,
PanTS_00004122,1,True,5.765689839150999,False
PanTS_00004123,1,True,58.2494635168428,False
PanTS_00004124,1,True,17.448157769050905,False
PanTS_00004155,1,True,0.703125,True
PanTS_00004155,2,True,76.47596193514829,False
PanTS_00004157,1,True,0.0,True
PanTS_00004190,1,True,29.493335409687887,False
PanTS_00004208,1,True,16.700749669980002,False
PanTS_00004225,1,True,63.32265310415129,False
PanTS_00004225,2,True,12.907087026429028,False
PanTS_00004225,3,True,58.94266209897311,False
PanTS_00004231,1,True,0.0,True
PanTS_00004243,1,True,0.0,True
PanTS_00004262,1,True,21.097829466632938,False
PanTS_00004267,1,True,61.37690458322091,False
PanTS_00004267,2,True,38.38857956178484,False
PanTS_00004268,1,True,2.419631691222293,True
PanTS_00004301,1,True,0.0,True
PanTS_00004313,1,True,18.396208401489297,False
PanTS_00004313,2,True,16.592257659530993,False
PanTS_00004323,1,True,65.59449771275018,False
PanTS_00004329,1,False,,
PanTS_00004329,2,False,,
PanTS_00004329,3,False,,
PanTS_00004360,1,True,47.42783619464949,False
PanTS_00004360,2,True,27.61714703621815,False
PanTS_00004366,1,True,14.309088021254183,False
PanTS_00004408,1,True,4.843945513709737,False
PanTS_00004420,1,True,5.0,False
PanTS_00004426,1,True,18.48507593652648,False
PanTS_00004438,1,True,18.752507970289766,False
PanTS_00004448,1,True,1.4765620231628418,True
PanTS_00004449,1,True,17.48364244175835,False
PanTS_00004454,1,True,38.37711706640279,False
PanTS_00004454,2,True,68.08730498487846,False
PanTS_00004454,3,True,97.9018098691158,False
PanTS_00004454,4,True,62.91095758524055,False
PanTS_00004475,1,True,0.0,True
PanTS_00004483,1,True,3.28125,False
PanTS_00004497,1,True,0.78125,True
PanTS_00004503,1,True,6.971034520406457,False
PanTS_00004503,2,True,39.28300575939247,False
PanTS_00004506,1,True,53.918548645225634,False
PanTS_00004513,1,True,0.8203125,True
PanTS_00004517,1,True,7.641292904602808,False
PanTS_00004521,1,True,66.26826772207619,False
PanTS_00004523,1,True,0.0,True
PanTS_00004538,1,True,4.9749371855331,False
PanTS_00004539,1,False,,
PanTS_00004540,1,True,3.28125,False
PanTS_00004542,1,True,8.95181600378521,False
PanTS_00004571,1,False,,
PanTS_00004597,1,True,2.5,True
PanTS_00004602,1,True,15.850284109367133,False
PanTS_00004669,1,True,46.87283133004162,False
PanTS_00004669,2,True,85.42744981637287,False
PanTS_00004669,3,True,134.32026069838471,False
PanTS_00004671,1,True,0.744140625,True
PanTS_00004671,2,True,0.744140625,True
PanTS_00004673,1,True,9.384193766595718,False
PanTS_00004677,1,True,0.0,True
PanTS_00004681,1,True,58.18900509158552,False
PanTS_00004703,1,True,5.765527439456001,False
PanTS_00004707,1,True,0.8027340173721313,True
PanTS_00004724,1,True,14.54315080510817,False
PanTS_00004735,1,True,16.528285064277064,False
PanTS_00004748,1,True,58.3090937421566,False
PanTS_00004753,1,True,26.305314956677456,False
PanTS_00004769,1,True,1.7968759536743164,True
PanTS_00004788,1,False,,
PanTS_00004796,1,True,11.0,False
PanTS_00004800,1,True,23.372958007398744,False
PanTS_00004825,1,True,2.905475107774896,True
PanTS_00004828,1,True,1.2000000476837158,True
PanTS_00004842,1,True,8.75,False
PanTS_00004856,1,False,,
PanTS_00004857,1,False,,
PanTS_00004937,1,True,2.5,True
PanTS_00004963,1,True,0.6503909826278687,True
PanTS_00004964,1,True,1.129713399792676,True
PanTS_00005011,1,True,14.19124909578278,False
PanTS_00005017,1,True,20.55934267843141,False
PanTS_00005027,1,True,2.5,True
PanTS_00005041,1,True,72.66808153742176,False
PanTS_00005041,2,True,80.60842576782908,False
PanTS_00005054,1,True,33.87672966063873,False
PanTS_00005056,1,True,7.437282055178828,False
PanTS_00005062,1,True,0.8359379768371582,True
PanTS_00005085,1,True,10.768865014378363,False
PanTS_00005095,1,False,,
PanTS_00005114,1,True,27.5,False
PanTS_00005137,1,True,0.7539060115814209,True
PanTS_00005137,2,True,0.7539060115814209,True
PanTS_00005162,1,False,,
PanTS_00005162,2,False,,
PanTS_00005172,1,True,1.1981932274658804,True
PanTS_00005180,1,False,,
PanTS_00005186,1,True,0.0,True
PanTS_00005188,1,True,9.291949850878986,False
PanTS_00005207,1,True,0.0,True
PanTS_00005210,1,True,0.8027340173721313,True
PanTS_00005221,1,True,0.0,True
PanTS_00005221,2,True,17.849639187967497,False
PanTS_00005230,1,True,3.4999999403953552,False
PanTS_00005242,1,True,1.7687655084447071,True
PanTS_00005250,1,True,48.74909078889381,False
PanTS_00005257,1,True,1.3593759536743164,True
PanTS_00005266,1,False,,
PanTS_00005268,1,True,8.122634384850237,False
PanTS_00005275,1,True,0.7850000262260437,True
PanTS_00005290,1,True,5.0,False
PanTS_00005309,1,True,0.8554689884185791,True
PanTS_00005316,1,False,,
PanTS_00005362,1,True,38.45889176243841,False
PanTS_00005370,1,True,44.83183911940402,False
PanTS_00005390,1,False,,
PanTS_00005390,2,False,,
PanTS_00005390,3,False,,
PanTS_00005390,4,False,,
PanTS_00005391,1,True,7.897731639099857,False
PanTS_00005392,1,True,0.5885416865348816,True
PanTS_00005392,2,True,68.16557828209635,False
PanTS_00005420,1,True,4.857594025694754,False
PanTS_00005422,1,True,24.415865190086944,False
PanTS_00005422,2,True,29.54841562564515,False
PanTS_00005428,1,False,,
PanTS_00005437,1,True,31.41189089793491,False
PanTS_00005466,1,True,0.6445310115814209,True
PanTS_00005514,1,True,10.0,False
PanTS_00005514,2,True,24.8956905301496,False
PanTS_00005525,1,True,10.025796804369216,False
PanTS_00005538,1,True,3.448579910493972,False
PanTS_00005558,1,True,82.17208181595684,False
PanTS_00005558,2,True,114.97283024143422,False
PanTS_00005571,1,True,8.010010259975353,False
PanTS_00005583,1,True,11.51980072759411,False
PanTS_00005623,1,False,,
PanTS_00005641,1,True,19.20000028610229,False
PanTS_00005643,1,True,93.23830696694692,False
PanTS_00005643,2,True,72.25036460718468,False
PanTS_00005661,1,True,31.26503199005985,False
PanTS_00005665,1,True,92.97826427166837,False
PanTS_00005665,2,True,77.56077506139943,False
PanTS_00005665,3,True,75.18933042776298,False
PanTS_00005677,1,True,51.09090038283443,False
PanTS_00005731,1,True,4.262594117761736,False
PanTS_00005732,1,True,5.730781614243929,False
PanTS_00005739,1,True,0.9472659826278688,True
PanTS_00005742,1,False,,
PanTS_00005757,1,True,0.0,True
PanTS_00005759,1,True,4.429238096446923,False
PanTS_00005766,1,True,2.981715110469141,True
PanTS_00005774,1,True,40.87325354557913,False
PanTS_00005780,1,True,0.83984375,True
PanTS_00005782,1,True,61.35959582656978,False
PanTS_00005785,1,False,,
PanTS_00005803,1,False,,
PanTS_00005806,1,True,0.0,True
PanTS_00005821,1,True,4.870298505016406,False
PanTS_00005832,1,False,,
PanTS_00005855,1,True,0.7597659826278687,True
PanTS_00005864,1,True,11.146128988367373,False
PanTS_00005876,1,True,44.04216865438729,False
PanTS_00005881,1,False,,
PanTS_00005905,1,True,43.887023147865136,False
PanTS_00005921,1,True,3.015624046325684,False
PanTS_00005924,1,True,23.24731766189167,False
PanTS_00005931,1,True,0.78125,True
PanTS_00005960,1,True,2.9831067331307475,True
PanTS_00005985,1,False,,
PanTS_00005985,2,False,,
PanTS_00005985,3,False,,
PanTS_00005985,4,False,,
PanTS_00005992,1,True,0.0,True
PanTS_00005994,1,True,49.21444580311741,False
PanTS_00005995,1,False,,
PanTS_00006000,1,True,0.0,True
PanTS_00006011,1,True,2.1213203435596424,True
PanTS_00006039,1,True,19.55069349080701,False
PanTS_00006039,2,True,77.99186788840946,False
PanTS_00006054,1,False,,
PanTS_00006056,1,True,55.12099893802525,False
PanTS_00006056,2,True,61.68908751202604,False
PanTS_00006064,1,True,3.97747564417433,False
PanTS_00006079,1,True,1.8046879768371584,True
PanTS_00006135,1,True,25.14458192136032,False
PanTS_00006142,1,True,36.071527418894135,False
PanTS_00006157,1,True,0.7832030057907104,True
PanTS_00006178,1,True,48.23380557244058,False
PanTS_00006183,1,True,1.6857850905418008,True
PanTS_00006193,1,False,,
PanTS_00006201,1,True,2.5,True
PanTS_00006218,1,True,0.7226560115814209,True
PanTS_00006222,1,False,,
PanTS_00006238,1,True,32.746305999923486,False
PanTS_00006256,1,True,20.632243123661883,False
PanTS_00006257,1,False,,
PanTS_00006257,2,False,,
PanTS_00006263,1,True,25.0,False
PanTS_00006268,1,True,10.759543684745886,False
PanTS_00006272,1,True,0.0,True
PanTS_00006275,1,False,,
PanTS_00006275,2,False,,
PanTS_00006275,3,False,,
PanTS_00006275,4,False,,
PanTS_00006275,5,False,,
PanTS_00006275,6,False,,
PanTS_00006275,7,False,,
PanTS_00006275,8,False,,
PanTS_00006282,1,True,13.454706614349584,False
PanTS_00006287,1,False,,
PanTS_00006287,2,False,,
PanTS_00006300,1,True,48.62042802077882,False
PanTS_00006300,2,True,69.44554636554264,False
PanTS_00006300,3,True,49.98024629910277,False
PanTS_00006300,4,True,20.310887094798726,False
PanTS_00006304,1,True,2.5,True
PanTS_00006311,1,False,,
PanTS_00006315,1,True,54.96864174484239,False
PanTS_00006319,1,True,5.900382290366757,False
PanTS_00006331,1,False,,
PanTS_00006331,2,False,,
PanTS_00006331,3,False,,
PanTS_00006333,1,True,2.35546875,True
PanTS_00006340,1,False,,
PanTS_00006350,1,True,1.5,True
PanTS_00006351,1,True,18.450000132325545,False
PanTS_00006353,1,True,63.64805927857591,False
PanTS_00006353,2,True,55.98014030084819,False
PanTS_00006384,1,True,2.1705579069114007,True
PanTS_00006394,1,False,,
PanTS_00006413,1,True,0.0,True
PanTS_00006422,1,False,,
PanTS_00006430,1,False,,
PanTS_00006432,1,True,0.6835939884185791,True
PanTS_00006447,1,True,1.3671879768371582,True
PanTS_00006466,1,True,25.378602556123496,False
PanTS_00006467,1,True,0.0,True
PanTS_00006483,1,True,0.0,True
PanTS_00006513,1,True,10.759543684745886,False
PanTS_00006519,1,False,,
PanTS_00006523,1,True,72.24108569052804,False
PanTS_00006525,1,False,,
PanTS_00006536,1,True,107.99042588641774,False
PanTS_00006536,2,True,124.68765229715402,False
PanTS_00006559,1,False,,
PanTS_00006576,1,True,72.66808153742176,False
PanTS_00006576,2,True,80.60842576782908,False
PanTS_00006616,1,True,1.3554680347442627,True
PanTS_00006650,1,True,0.771484375,True
PanTS_00006654,1,True,0.0,True
PanTS_00006661,1,False,,
PanTS_00006665,1,False,,
PanTS_00006707,1,False,,
PanTS_00006710,1,True,3.3292806145838822,False
PanTS_00006734,1,True,5.688724422376104,False
PanTS_00006741,1,True,42.49196845066724,False
PanTS_00006746,1,True,8.125,False
PanTS_00006754,1,True,55.31438225395071,False
PanTS_00006755,1,False,,
PanTS_00006755,2,False,,
PanTS_00006772,1,True,15.097766299212084,False
PanTS_00006786,1,True,2.6132819652557373,True
PanTS_00006795,1,True,0.0,True
PanTS_00006802,1,True,0.0,True
PanTS_00006816,1,True,3.448579910493972,False
PanTS_00006837,1,True,3.951497296006639,False
PanTS_00006879,1,True,0.911504497948496,True
PanTS_00006903,1,True,12.12435565298214,False
PanTS_00006917,1,False,,
PanTS_00006917,2,False,,
PanTS_00006917,3,False,,
PanTS_00006917,4,False,,
PanTS_00006921,1,True,0.0,True
PanTS_00006927,1,False,,
PanTS_00006945,1,True,13.899249550998734,False
PanTS_00006959,1,False,,
PanTS_00006960,1,True,1.4843759536743164,True
PanTS_00006975,1,True,0.7265620231628418,True
PanTS_00006982,1,True,0.0,True
PanTS_00006987,1,True,0.8203125,True
PanTS_00006987,2,True,1.2934112252706986,True
PanTS_00006998,1,True,0.0,True
PanTS_00007001,1,True,30.49848308855909,False
PanTS_00007001,2,True,12.73725044223144,False
PanTS_00007002,1,True,25.445503344243253,False
PanTS_00007014,1,True,17.73844703456455,False
PanTS_00007044,1,False,,
PanTS_00007044,2,False,,
PanTS_00007044,3,False,,
PanTS_00007044,4,False,,
PanTS_00007048,1,True,0.625,True
PanTS_00007053,1,True,0.8984379768371582,True
PanTS_00007054,1,True,11.423764679149343,False
PanTS_00007060,1,True,73.79577275627892,False
PanTS_00007065,1,True,0.0,True
PanTS_00007067,1,True,4.530744731829921,False
PanTS_00007071,1,True,0.0,True
PanTS_00007093,1,True,14.45683229480096,False
PanTS_00007094,1,True,25.942243542145693,False
PanTS_00007095,1,True,0.0,True
PanTS_00007099,1,True,16.339810860145,False
PanTS_00007100,1,True,64.98272005887411,False
PanTS_00007100,2,True,21.883926750014496,False
PanTS_00007100,3,True,28.23329843686352,False
PanTS_00007100,4,True,35.372598195849285,False
PanTS_00007102,1,True,71.22403914654606,False
PanTS_00007102,2,True,54.98750493193264,False
PanTS_00007105,1,True,0.0,True
PanTS_00007114,1,True,1.3125,True
PanTS_00007115,1,True,2.5,True
PanTS_00007122,1,True,15.310117477820135,False
PanTS_00007130,1,True,1.5,True
PanTS_00007135,1,False,,
PanTS_00007147,1,True,10.303460252865206,False
PanTS_00007151,1,True,26.73874905429889,False
PanTS_00007151,2,True,24.711247015578586,False
PanTS_00007152,1,True,29.068883707497267,False
PanTS_00007157,1,True,10.557717227999916,False
PanTS_00007157,2,True,32.46330278687046,False
PanTS_00007166,1,True,5.593662153219279,False
PanTS_00007167,1,True,2.5,True
PanTS_00007184,1,False,,
PanTS_00007190,1,True,0.0,True
PanTS_00007194,1,True,0.9765625,True
PanTS_00007201,1,True,38.6891659576683,False
PanTS_00007211,1,True,0.7890620231628418,True
PanTS_00007211,2,True,7.817409726442292,False
PanTS_00007211,3,True,0.7890620231628418,True
PanTS_00007211,4,True,20.033660079390216,False
PanTS_00007211,5,True,6.650545200227427,False
PanTS_00007211,6,True,7.852584287953075,False
PanTS_00007217,1,False,,
PanTS_00007227,1,False,,
PanTS_00007228,1,True,45.40329500067612,False
PanTS_00007242,1,True,0.0,True
PanTS_00007248,1,False,,
PanTS_00007260,1,True,0.625,True
PanTS_00007278,1,True,1.135237334345908,True
PanTS_00007284,1,True,56.66348030257231,False
PanTS_00007298,1,False,,
PanTS_00007299,1,True,2.5,True
PanTS_00007308,1,True,0.7421879768371582,True
PanTS_00007309,1,True,2.5,True
PanTS_00007315,1,True,0.0,True
PanTS_00007319,1,True,10.0,False
PanTS_00007329,1,True,20.72114722329095,False
PanTS_00007334,1,True,2.95767706139323,True
PanTS_00007361,1,False,,
PanTS_00007364,1,True,16.46959219413206,False
PanTS_00007414,1,True,4.014373492773817,False
PanTS_00007422,1,True,0.8203120231628418,True
PanTS_00007426,1,True,1.8828120231628416,True
PanTS_00007435,1,True,0.8945310115814209,True
PanTS_00007437,1,True,0.9765625,True
PanTS_00007451,1,False,,
PanTS_00007463,1,True,12.208637147176104,False
PanTS_00007468,1,True,58.59607495387383,False
PanTS_00007472,1,True,72.24108569052804,False
PanTS_00007485,1,True,1.373383546361861,True
PanTS_00007494,1,True,9.475296829123613,False
PanTS_00007501,1,True,56.19780306611645,False
PanTS_00007516,1,True,4.782884891714011,False
PanTS_00007525,1,True,1.140762617598292,True
PanTS_00007532,1,True,11.006479630682383,False
PanTS_00007532,2,True,12.054048471478987,False
PanTS_00007533,1,False,,
PanTS_00007536,1,True,0.0,True
PanTS_00007539,1,True,58.82437960795665,False
PanTS_00007555,1,False,,
PanTS_00007555,2,False,,
PanTS_00007558,1,True,31.81980515339464,False
PanTS_00007564,1,True,0.7402340173721313,True
PanTS_00007575,1,True,16.596962768394942,False
PanTS_00007577,1,True,0.0,True
PanTS_00007578,1,True,65.83513969929754,False
PanTS_00007578,2,True,69.81625589961313,False
PanTS_00007578,3,True,82.69175422211862,False
PanTS_00007578,4,True,86.36650759427704,False
PanTS_00007578,5,True,81.7016615332632,False
PanTS_00007583,1,True,0.7949219942092896,True
PanTS_00007588,1,True,0.7480469942092896,True
PanTS_00007594,1,True,0.6738280057907104,True
PanTS_00007602,1,True,3.9873285645371,False
PanTS_00007615,1,True,12.206555615733702,False
PanTS_00007622,1,True,0.9765620231628418,True
PanTS_00007627,1,True,10.518171278865172,False
PanTS_00007630,1,True,5.402739773052193,False
PanTS_00007636,1,False,,
PanTS_00007636,2,False,,
PanTS_00007641,1,True,0.7226560115814209,True
PanTS_00007643,1,True,63.90043024147048,False
PanTS_00007651,1,True,2.0381860192096544,True
PanTS_00007660,1,True,0.0,True
PanTS_00007661,1,False,,
PanTS_00007661,2,False,,
PanTS_00007661,3,False,,
PanTS_00007668,1,True,35.62974566388537,False
PanTS_00007690,1,True,2.778264041374408,True
PanTS_00007691,1,True,111.85605289523696,False
PanTS_00007691,2,True,106.02751975071963,False
PanTS_00007691,3,True,104.99159298709908,False
PanTS_00007702,1,True,3.515625,False
PanTS_00007713,1,True,0.6445310115814209,True
PanTS_00007728,1,True,0.67578125,True
PanTS_00007735,1,True,18.6748493969831,False
PanTS_00007757,1,True,1.5,True
PanTS_00007765,1,True,6.375159379915009,False
PanTS_00007779,1,True,10.099504938362076,False
PanTS_00007786,1,True,0.9082030057907104,True
PanTS_00007792,1,True,32.20636583037583,False
PanTS_00007802,1,True,0.0,True
PanTS_00007831,1,False,,
PanTS_00007846,1,True,1.3538698163719758,True
PanTS_00007851,1,True,0.0,True
PanTS_00007858,1,True,83.2515609935697,False
PanTS_00007862,1,False,,
PanTS_00007863,1,False,,
PanTS_00007868,1,True,12.246229590336355,False
PanTS_00007890,1,True,0.75,True
PanTS_00007905,1,True,0.0,True
PanTS_00007921,1,False,,
PanTS_00007938,1,True,4.857954901764238,False
PanTS_00007946,1,True,11.857014507848168,False
PanTS_00007960,1,True,9.255921838748014,False
PanTS_00007989,1,True,8.28757129022882,False
PanTS_00007995,1,False,,
PanTS_00007997,1,False,,
PanTS_00007997,2,False,,
PanTS_00008001,1,True,0.83984375,True
PanTS_00008010,1,True,3.945310115814209,False
PanTS_00008045,1,True,71.16941886541315,False
PanTS_00008048,1,False,,
PanTS_00008059,1,True,0.0,True
PanTS_00008063,1,True,24.357866574527826,False
PanTS_00008072,1,True,95.84753517957569,False
PanTS_00008073,1,True,50.68601288286928,False
PanTS_00008086,1,True,10.580836524703518,False
PanTS_00008091,1,True,1.4142135623730951,True
PanTS_00008123,1,True,13.419829903061274,False
PanTS_00008131,1,False,,
PanTS_00008131,2,False,,
PanTS_00008132,1,True,93.55386565482571,False
PanTS_00008132,2,True,69.9421130475143,False
PanTS_00008132,3,True,92.7680996819678,False
PanTS_00008132,4,True,83.09113816384708,False
PanTS_00008180,1,True,9.0,False
PanTS_00008184,1,False,,
PanTS_00008205,1,True,38.52339314569795,False
PanTS_00008205,2,True,70.65429418936871,False
PanTS_00008205,3,True,97.34646473693704,False
PanTS_00008231,1,True,4.207160005573831,False
PanTS_00008231,2,True,0.78125,True
PanTS_00008234,1,True,13.244892515874676,False
PanTS_00008234,2,True,10.48817781472085,False
PanTS_00008234,3,True,10.130411154968929,False
PanTS_00008234,4,True,17.20048842182842,False
PanTS_00008234,5,True,7.730483548910523,False
PanTS_00008234,6,True,22.45693315830264,False
PanTS_00008238,1,True,8.745121328076713,False
PanTS_00008242,1,True,27.0170158262084,False
PanTS_00008242,2,True,0.62890625,True
PanTS_00008266,1,True,93.50043419315918,False
PanTS_00008273,1,True,33.59936782781802,False
PanTS_00008292,1,True,0.0,True
PanTS_00008292,2,True,31.77944336348665,False
PanTS_00008298,1,True,2.5,True
PanTS_00008301,1,True,9.11756214329964,False
PanTS_00008302,1,True,0.0,True
PanTS_00008303,1,True,2.762134515310799,True
PanTS_00008317,1,False,,
PanTS_00008330,1,True,36.64163284522196,False
PanTS_00008339,1,False,,
PanTS_00008354,1,True,0.0,True
PanTS_00008384,1,True,26.62235902394828,False
PanTS_00008384,2,True,16.15549442140351,False
PanTS_00008385,1,True,51.10093937005076,False
PanTS_00008392,1,True,1.5,True
PanTS_00008407,1,False,,
PanTS_00008407,2,False,,
PanTS_00008407,3,False,,
PanTS_00008408,1,True,11.801536518211256,False
PanTS_00008408,2,True,21.22231454923473,False
PanTS_00008428,1,True,2.3847659826278687,True
PanTS_00008434,1,True,13.009767824134704,False
PanTS_00008445,1,True,0.705078125,True
PanTS_00008451,1,True,28.453077022170586,False
PanTS_00008451,2,True,17.00784405377273,False
PanTS_00008451,3,True,1.1048543456039803,True
PanTS_00008451,4,True,1.9213947620344671,True
PanTS_00008451,5,True,87.20544771842313,False
PanTS_00008451,6,True,67.12812901213583,False
PanTS_00008451,7,True,67.87437300306414,False
PanTS_00008451,8,True,73.31686796192662,False
PanTS_00008451,9,True,75.72885974355538,False
PanTS_00008451,10,True,78.16793721850783,False
PanTS_00008473,1,True,0.6621090173721313,True
PanTS_00008475,1,False,,
PanTS_00008476,1,True,0.7363280057907104,True
PanTS_00008480,1,True,10.87377677264296,False
PanTS_00008512,1,True,0.7148439884185791,True
PanTS_00008512,2,True,0.7148439884185791,True
PanTS_00008540,1,True,0.0,True
PanTS_00008546,1,True,2.5,True
PanTS_00008574,1,True,18.450000132325545,False
PanTS_00008577,1,True,71.16941886541315,False
PanTS_00008581,1,True,3.4999999403953552,False
PanTS_00008601,1,True,3.366128219139433,False
PanTS_00008628,1,True,41.80248539142936,False
PanTS_00008628,2,True,39.22391451032061,False
PanTS_00008633,1,True,40.806261960914085,False
PanTS_00008636,1,True,24.74751384848402,False
PanTS_00008636,2,True,27.9875282031893,False
PanTS_00008636,3,True,23.865864868477114,False
PanTS_00008646,1,True,23.717082451262844,False
PanTS_00008650,1,True,0.0,True
PanTS_00008658,1,False,,
PanTS_00008658,2,False,,
PanTS_00008658,3,False,,
PanTS_00008658,4,False,,
PanTS_00008658,5,False,,
PanTS_00008658,6,False,,
PanTS_00008658,7,False,,
PanTS_00008662,1,True,2.6186454141757403,True
PanTS_00008673,1,True,5.440394891625991,False
PanTS_00008691,1,True,20.13593972080863,False
PanTS_00008691,2,True,10.5335701457665,False
PanTS_00008699,1,True,13.45362404707371,False
PanTS_00008701,1,True,38.05927644222965,False
PanTS_00008711,1,True,26.15526170584009,False
PanTS_00008721,1,True,0.0,True
PanTS_00008722,1,False,,
PanTS_00008724,1,True,10.256990968923237,False
PanTS_00008726,1,True,15.0,False
PanTS_00008727,1,True,0.7675780057907104,True
PanTS_00008743,1,True,0.0,True
PanTS_00008763,1,True,2.979588179478308,True
PanTS_00008769,1,True,11.415208075319171,False
PanTS_00008789,1,True,11.679693698883057,False
PanTS_00008811,1,True,7.894494160605626,False
PanTS_00008818,1,True,26.595271296256467,False
PanTS_00008837,1,False,,
PanTS_00008839,1,True,8.073713813130121,False
PanTS_00008854,1,True,7.3058530159582835,False
PanTS_00008885,1,True,40.8840837096938,False
PanTS_00008885,2,True,69.33418904595625,False
PanTS_00008892,1,True,0.0,True
PanTS_00008913,1,True,1.838642632741576,True
PanTS_00008922,1,True,25.942243542145693,False
PanTS_00008922,2,True,38.58756276314948,False
PanTS_00008931,1,True,2.5,True
PanTS_00008942,1,True,4.318304529105229,False
PanTS_00008954,1,True,1.4882819652557373,True
PanTS_00008974,1,True,2.5,True
PanTS_00008989,1,True,0.8203125,True
PanTS_00008989,2,True,0.8203125,True
PanTS_00008994,1,True,8.454050822402042,False
PanTS_00008994,2,True,2.8824303110055225,True
PanTS_00008999,1,True,9.983041207828936,False
PanTS_00008999,2,True,1.8782510388276143,True
PanTS_00009001,1,True,44.94253223472686,False
PanTS_00009005,1,True,0.8632810115814209,True
PanTS_00009008,1,True,97.23425322385113,False
PanTS_00009009,1,True,0.0,True
PanTS_00009020,1,True,0.0,True
PanTS_00009037,1,True,0.0,True
PanTS_00009041,1,True,19.911999693173453,False
PanTS_00009041,2,True,2.5,True
PanTS_00009041,3,True,15.60205828958841,False
PanTS_00009056,1,True,10.417487137272866,False
PanTS_00009056,2,True,0.8671879768371582,True
PanTS_00009061,1,True,2.6251190884432964,True
PanTS_00009067,1,True,0.8164060115814209,True
PanTS_00009075,1,True,24.16972861349502,False
PanTS_00009079,1,True,87.97745653291665,False
PanTS_00009084,1,True,66.4186826597005,False
PanTS_00009087,1,True,7.076720647883017,False
PanTS_00009097,1,True,0.0,True
PanTS_00009121,1,True,0.703125,True
PanTS_00009127,1,True,24.256600101168704,False
PanTS_00009135,1,True,0.0,True
PanTS_00009143,1,True,74.05930143881552,False
PanTS_00009151,1,True,0.0,True
PanTS_00009152,1,True,5.0,False
PanTS_00009157,1,True,0.0,True
PanTS_00009158,1,True,0.0,True
PanTS_00009161,1,True,10.5,False
PanTS_00009168,1,True,4.5519999038884,False
PanTS_00009174,1,True,0.8984379768371582,True
PanTS_00009180,1,True,12.981310394396402,False
PanTS_00009181,1,True,70.29660410594614,False
PanTS_00009182,1,True,0.0,True
PanTS_00009188,1,True,5.507231772866448,False
PanTS_00009188,2,True,8.295852599710825,False
PanTS_00009191,1,True,88.62636142449192,False
PanTS_00009199,1,True,33.90159126683374,False
PanTS_00009199,2,True,0.0,True
PanTS_00009222,1,True,0.0,True
PanTS_00009227,1,True,4.573951568168853,False
PanTS_00009237,1,True,2.396412031454857,True
PanTS_00009258,1,True,3.932816019838624,False
PanTS_00009259,1,True,61.85711744428142,False
PanTS_00009265,1,True,0.9746090173721312,True
PanTS_00009281,1,True,4.774971623361363,False
PanTS_00009286,1,True,2.5,True
PanTS_00009287,1,False,,
PanTS_00009287,2,False,,
PanTS_00009290,1,True,17.48433801887426,False
PanTS_00009292,1,True,10.070224616567646,False
PanTS_00009301,1,True,13.08520531349655,False
PanTS_00009304,1,True,1.6406240463256836,True
PanTS_00009308,1,True,30.40685846360943,False
PanTS_00009313,1,True,62.33970620845394,False
PanTS_00009317,1,True,4.678598318573897,False
PanTS_00009319,1,True,0.7929689884185791,True
PanTS_00009321,1,True,34.68111326514145,False
PanTS_00009325,1,True,59.98027569754898,False
PanTS_00009329,1,True,4.381832356597589,False
PanTS_00009338,1,True,5.0864130082052,False
PanTS_00009341,1,True,5.044963840925919,False
PanTS_00009342,1,True,2.33464954985044,True
PanTS_00009347,1,True,7.825197263854588,False
PanTS_00009366,1,True,2.655514604083359,True
PanTS_00009367,1,True,5.408326913195984,False
PanTS_00009371,1,True,7.232040276480087,False
PanTS_00009373,1,True,5.0,False
PanTS_00009375,1,True,2.655218584350614,True
PanTS_00009382,1,True,10.909832472594532,False
PanTS_00009383,1,True,4.767510913342296,False
PanTS_00009385,1,True,5.0,False
PanTS_00009386,1,True,2.8242180347442627,True
PanTS_00009407,1,True,2.5,True
PanTS_00009408,1,True,13.405490529117415,False
PanTS_00009421,1,True,0.5996090173721313,True
PanTS_00009423,1,True,0.8085939884185791,True
PanTS_00009435,1,True,2.5,True
PanTS_00009445,1,True,5.5650011932837895,False
PanTS_00009449,1,True,8.469356284223213,False
PanTS_00009449,2,True,2.6839659806122547,True
PanTS_00009457,1,True,20.89180806746576,False
PanTS_00009459,1,True,7.259062626483038,False
PanTS_00009460,1,True,17.5,False
PanTS_00009464,1,True,16.962691713176007,False
PanTS_00009470,1,True,3.87890625,False
PanTS_00009473,1,True,2.0274080613580923,True
PanTS_00009478,1,True,0.0,True
PanTS_00009483,1,True,0.8105469942092896,True
PanTS_00009495,1,True,0.0,True
PanTS_00009504,1,True,0.8164060115814209,True
PanTS_00009506,1,False,,
PanTS_00009510,1,True,0.0,True
PanTS_00009517,1,True,2.929687976837158,True
PanTS_00009518,1,True,10.725517543559834,False
PanTS_00009520,1,False,,
PanTS_00009523,1,True,19.209372712298546,False
PanTS_00009528,1,True,0.0,True
PanTS_00009534,1,True,0.9433590173721312,True
PanTS_00009544,1,True,0.0,True
PanTS_00009545,1,True,49.81026802774839,False
PanTS_00009551,1,True,1.4296879768371582,True
PanTS_00009562,1,False,,
PanTS_00009567,1,True,42.58520869973517,False
PanTS_00009569,1,True,2.5,True
PanTS_00009578,1,True,6.721589838392488,False
PanTS_00009584,1,True,0.0,True
PanTS_00009608,1,True,0.6953120231628418,True
PanTS_00009612,1,True,0.7421879768371582,True
PanTS_00009613,1,True,0.9765620231628418,True
PanTS_00009620,1,False,,
PanTS_00009635,1,True,3.61328125,False
PanTS_00009640,1,True,0.7636719942092896,True
PanTS_00009641,1,True,0.8007810115814209,True
PanTS_00009649,1,False,,
PanTS_00009652,1,True,3.9775998873973366,False
PanTS_00009659,1,True,24.065136608672617,False
PanTS_00009666,1,True,2.866132010115682,True
PanTS_00009687,1,True,20.26797858392378,False
PanTS_00009726,1,True,32.66864831444908,False
PanTS_00009731,1,True,0.7851560115814209,True
PanTS_00009739,1,True,24.1351594237568,False
PanTS_00009752,1,True,0.0,True
PanTS_00009760,1,True,0.0,True
PanTS_00009765,1,True,67.79822742712773,False
PanTS_00009766,1,True,2.1225176505173784,True
PanTS_00009768,1,True,0.0,True
PanTS_00009769,1,True,13.591233908186808,False
PanTS_00009781,1,True,0.90625,True
PanTS_00009784,1,True,3.588585368399233,False
PanTS_00009787,1,False,,
PanTS_00009788,1,False,,
PanTS_00009790,1,True,27.91743331249701,False
PanTS_00009797,1,True,2.2851569652557373,True
PanTS_00009821,1,True,0.0,True
PanTS_00009826,1,True,1.7032554378563178,True
PanTS_00009832,1,True,0.9765620231628418,True
PanTS_00009838,1,True,0.0,True
PanTS_00009862,1,True,0.8457030057907104,True
PanTS_00009868,1,True,30.12289510179942,False
PanTS_00009882,1,True,41.97220182106257,False
PanTS_00009882,2,True,52.67177722778118,False
PanTS_00009887,1,True,0.0,True
PanTS_00009892,1,True,5.31515039480818,False
PanTS_00009894,1,True,0.0,True
PanTS_00009896,1,True,41.51026146196413,False
PanTS_00009897,1,True,2.386485386504598,True
PanTS_00009901,1,False,,
