group,diam_bin,n_lesions,dice_mean,dice_median,pct_dice0
all_tumor_positive,<5mm,49,0.00014344586860956122,0.0,97.95918367346938
all_tumor_positive,5-10mm,37,0.0,0.0,100.0
all_tumor_positive,10-15mm,113,0.030081270914824643,0.0,83.1858407079646
all_tumor_positive,15-20mm,162,0.10462933962041353,0.0,67.90123456790124
all_tumor_positive,20-40mm,597,0.32065521249831563,0.2259946949602122,40.20100502512563
all_tumor_positive,40+mm,277,0.4828056899404684,0.5851564434904648,16.967509025270758
mpd_dilated=True,<5mm,0,,,
mpd_dilated=True,5-10mm,4,0.0,0.0,100.0
mpd_dilated=True,10-15mm,17,0.010313607062126764,0.0,82.35294117647058
mpd_dilated=True,15-20mm,34,0.1632994783317529,0.0,64.70588235294117
mpd_dilated=True,20-40mm,240,0.47351553335468155,0.573352490284411,21.666666666666668
mpd_dilated=True,40+mm,127,0.6284281956555294,0.7349732195992859,5.511811023622047
mpd_dilated=False,<5mm,49,0.00014344586860956122,0.0,97.95918367346938
mpd_dilated=False,5-10mm,33,0.0,0.0,100.0
mpd_dilated=False,10-15mm,96,0.033581794722073226,0.0,83.33333333333334
mpd_dilated=False,15-20mm,128,0.08904508402521402,0.0,68.75
mpd_dilated=False,20-40mm,357,0.21789197158647303,0.0,52.66106442577031
mpd_dilated=False,40+mm,150,0.3595119684350499,0.2862699176358098,26.666666666666668
cbd_dilated=True,<5mm,0,,,
cbd_dilated=True,5-10mm,4,0.0,0.0,100.0
cbd_dilated=True,10-15mm,21,0.003037089052783228,0.0,90.47619047619048
cbd_dilated=True,15-20mm,31,0.12659214030360294,0.0,67.74193548387096
cbd_dilated=True,20-40mm,158,0.4332761590474014,0.4613072487961047,24.050632911392405
cbd_dilated=True,40+mm,104,0.5482103106283062,0.646203273140276,9.615384615384617
cbd_dilated=False,<5mm,49,0.00014344586860956122,0.0,97.95918367346938
cbd_dilated=False,5-10mm,33,0.0,0.0,100.0
cbd_dilated=False,10-15mm,92,0.03625439938333409,0.0,81.52173913043478
cbd_dilated=False,15-20mm,131,0.09943203564194886,0.0,67.93893129770993
cbd_dilated=False,20-40mm,439,0.2801219333303076,0.041585445094217,46.01366742596811
cbd_dilated=False,40+mm,173,0.44348730524951385,0.5239974967505897,21.38728323699422
double_duct_dilated=True,<5mm,0,,,
double_duct_dilated=True,5-10mm,1,0.0,0.0,100.0
double_duct_dilated=True,10-15mm,7,0.008134760753616514,0.0,85.71428571428571
double_duct_dilated=True,15-20mm,12,0.2482305054181743,0.0783381879503296,50.0
double_duct_dilated=True,20-40mm,98,0.5154726395124514,0.6192995977304843,17.346938775510203
double_duct_dilated=True,40+mm,65,0.6210968994747147,0.7398341359015517,6.153846153846154
double_duct_dilated=False,<5mm,49,0.00014344586860956122,0.0,97.95918367346938
double_duct_dilated=False,5-10mm,36,0.0,0.0,100.0
double_duct_dilated=False,10-15mm,106,0.03153056875565914,0.0,83.01886792452831
double_duct_dilated=False,15-20mm,150,0.09314124635659267,0.0,69.33333333333334
double_duct_dilated=False,20-40mm,499,0.28239447532920686,0.0714666666666666,44.68937875751503
double_duct_dilated=False,40+mm,212,0.4404050832436476,0.5170801239606352,20.28301886792453
either_duct_dilated=True,<5mm,0,,,
either_duct_dilated=True,5-10mm,7,0.0,0.0,100.0
either_duct_dilated=True,10-15mm,31,0.005876350480299587,0.0,87.09677419354838
either_duct_dilated=True,15-20mm,53,0.12259948203156976,0.0,69.81132075471697
either_duct_dilated=True,20-40mm,300,0.43861680820797594,0.5129325975058512,24.333333333333336
either_duct_dilated=True,40+mm,166,0.5810418957092749,0.6767480766945264,7.83132530120482
either_duct_dilated=False,<5mm,49,0.00014344586860956122,0.0,97.95918367346938
either_duct_dilated=False,5-10mm,30,0.0,0.0,100.0
either_duct_dilated=False,10-15mm,82,0.03923191156690119,0.0,81.70731707317073
either_duct_dilated=False,15-20mm,109,0.0958915639526036,0.0,66.97247706422019
either_duct_dilated=False,20-40mm,297,0.2015020855188609,0.0,56.22895622895623
either_duct_dilated=False,40+mm,111,0.33589388671864956,0.2332335661234896,30.630630630630627
