group,n_cases,n_lesions,case_dice_mean,case_dice_median,case_detect_sens,lesion_dice_mean,lesion_dice_median,lesion_pct_dice0
all_tumor_positive,981.0,1235.0,0.3124389894206816,0.2047957188432644,0.9367991845056065,0.2797769258740471,0.0351383874849578,46.63967611336032
mpd_dilated=True,377.0,422.0,0.4717936496502746,0.5543885382016291,0.9708222811671088,0.4719943659637715,0.5747118645641895,23.459715639810426
mpd_dilated=False,604.0,813.0,0.21297424288664757,0.0111755641102263,0.9155629139072847,0.18000354368725296,0.0,58.671586715867164
cbd_dilated=True,273.0,318.0,0.4245994790643332,0.4562206125301817,0.9816849816849816,0.4071057882212371,0.4357039697786791,28.930817610062892
cbd_dilated=False,708.0,917.0,0.26919066502418887,0.07960955020397084,0.9194915254237288,0.2356214425300925,0.0,52.78080697928026
double_duct_dilated=True,166.0,183.0,0.5085077077787428,0.5638862864223392,0.9819277108433735,0.5132422214665032,0.6333677212287941,18.579234972677597
double_duct_dilated=False,815.0,1052.0,0.27250352040542014,0.1074144486692015,0.9276073619631902,0.23916461684988413,0.0,51.52091254752852
either_duct_dilated=True,484.0,557.0,0.4325817855608372,0.4877987882945721,0.9731404958677686,0.4213966545111219,0.4803111327175498,28.186714542190305
either_duct_dilated=False,497.0,678.0,0.19543876138881985,0.0,0.9014084507042254,0.1634315145896067,0.0,61.799410029498524
